rmean1_ACL2018_true,rmean5_ACL2018_true,rmean10_ACL2018_true,rmean21_ACL2018_true
0.0,0.0,1.0,0.0
1.0,1.0,1.0,1.0
1.0,1.0,1.0,0.0
1.0,1.0,1.0,0.0
1.0,0.0,0.0,0.0
1.0,1.0,1.0,0.0
1.0,1.0,1.0,0.0
1.0,1.0,1.0,0.0
1.0,1.0,1.0,0.0
1.0,1.0,0.0,0.0
1.0,0.0,0.0,0.0
1.0,1.0,1.0,1.0
1.0,1.0,1.0,0.0
1.0,1.0,1.0,0.0
1.0,1.0,1.0,0.0
1.0,1.0,1.0,1.0
0.0,0.0,1.0,1.0
1.0,0.0,1.0,0.0
1.0,1.0,1.0,0.0
1.0,1.0,1.0,0.0
1.0,0.0,0.0,0.0
0.0,0.0,0.0,0.0
1.0,0.0,0.0,0.0
1.0,0.0,0.0,0.0
1.0,1.0,1.0,0.0
1.0,0.0,0.0,0.0
0.0,0.0,1.0,0.0
1.0,0.0,0.0,0.0
1.0,1.0,1.0,0.0
1.0,0.0,0.0,0.0
1.0,0.0,0.0,0.0
1.0,0.0,1.0,0.0
1.0,1.0,1.0,1.0
1.0,1.0,1.0,0.0
1.0,1.0,1.0,1.0
1.0,1.0,0.0,0.0
1.0,1.0,0.0,0.0
1.0,1.0,1.0,1.0
1.0,1.0,0.0,0.0
1.0,1.0,1.0,0.0
1.0,0.0,0.0,0.0
1.0,1.0,1.0,0.0
1.0,0.0,0.0,0.0
1.0,0.0,1.0,0.0
1.0,1.0,1.0,0.0
1.0,1.0,1.0,1.0
1.0,1.0,1.0,1.0
1.0,1.0,1.0,1.0
1.0,0.0,0.0,0.0
1.0,0.0,0.0,0.0
1.0,1.0,1.0,0.0
1.0,0.0,0.0,0.0
1.0,1.0,1.0,0.0
1.0,0.0,0.0,0.0
1.0,1.0,1.0,0.0
1.0,0.0,0.0,0.0
1.0,1.0,1.0,0.0
1.0,0.0,1.0,0.0
1.0,0.0,0.0,0.0
1.0,1.0,1.0,1.0
1.0,1.0,1.0,1.0
1.0,1.0,0.0,0.0
1.0,0.0,0.0,0.0
0.0,1.0,0.0,1.0
1.0,1.0,1.0,1.0
1.0,1.0,1.0,1.0
1.0,0.0,0.0,0.0
1.0,1.0,1.0,0.0
1.0,1.0,1.0,1.0
1.0,1.0,0.0,0.0
1.0,0.0,1.0,0.0
0.0,0.0,0.0,0.0
1.0,0.0,0.0,0.0
1.0,0.0,1.0,0.0
1.0,0.0,0.0,0.0
1.0,0.0,0.0,0.0
1.0,1.0,1.0,0.0
0.0,0.0,0.0,0.0
1.0,1.0,1.0,0.0
1.0,1.0,1.0,0.0
0.0,0.0,0.0,0.0
0.0,0.0,0.0,0.0
0.0,0.0,1.0,0.0
0.0,0.0,0.0,0.0
0.0,0.0,0.0,0.0
0.0,0.0,0.0,0.0
0.0,0.0,0.0,0.0
1.0,1.0,1.0,1.0
0.0,1.0,1.0,0.0
1.0,1.0,1.0,0.0
1.0,1.0,1.0,0.0
1.0,1.0,1.0,0.0
1.0,1.0,1.0,1.0
0.0,0.0,0.0,0.0
0.0,0.0,0.0,0.0
0.0,0.0,0.0,0.0
0.0,0.0,0.0,0.0
0.0,0.0,0.0,0.0
0.0,0.0,0.0,0.0
0.0,0.0,0.0,0.0
0.0,0.0,1.0,0.0
0.0,0.0,0.0,0.0
1.0,1.0,1.0,0.0
0.0,0.0,0.0,0.0
1.0,1.0,1.0,0.0
0.0,1.0,0.0,0.0
0.0,0.0,0.0,0.0
0.0,0.0,1.0,0.0
1.0,1.0,1.0,0.0
0.0,0.0,0.0,0.0
1.0,1.0,1.0,1.0
1.0,0.0,0.0,0.0
0.0,0.0,0.0,0.0
1.0,1.0,1.0,0.0
0.0,0.0,0.0,0.0
1.0,1.0,1.0,0.0
0.0,0.0,0.0,0.0
1.0,1.0,0.0,0.0
0.0,0.0,0.0,0.0
0.0,0.0,0.0,0.0
0.0,0.0,0.0,0.0
0.0,1.0,1.0,0.0
1.0,1.0,1.0,1.0
0.0,1.0,1.0,0.0
0.0,0.0,0.0,0.0
0.0,0.0,0.0,0.0
0.0,1.0,1.0,0.0
0.0,0.0,0.0,0.0
0.0,0.0,0.0,0.0
0.0,0.0,0.0,0.0
0.0,0.0,0.0,0.0
0.0,0.0,0.0,0.0
0.0,0.0,0.0,0.0
0.0,0.0,0.0,0.0
0.0,0.0,0.0,0.0
1.0,1.0,0.0,1.0
0.0,1.0,1.0,0.0
0.0,0.0,0.0,0.0
0.0,0.0,0.0,0.0
1.0,1.0,1.0,1.0
1.0,1.0,1.0,1.0
0.0,1.0,1.0,1.0
0.0,0.0,0.0,0.0
0.0,1.0,1.0,0.0
0.0,0.0,1.0,1.0
0.0,0.0,0.0,0.0
1.0,0.0,1.0,0.0
0.0,0.0,0.0,0.0
0.0,0.0,0.0,0.0
0.0,0.0,1.0,0.0
0.0,0.0,0.0,0.0
0.0,0.0,0.0,0.0
0.0,1.0,1.0,0.0
0.0,0.0,0.0,1.0
0.0,1.0,0.0,0.0
0.0,1.0,1.0,0.0
1.0,1.0,0.0,0.0
0.0,0.0,0.0,0.0
0.0,0.0,1.0,0.0
0.0,0.0,0.0,0.0
0.0,0.0,0.0,0.0
1.0,0.0,0.0,0.0
1.0,0.0,0.0,0.0
0.0,0.0,1.0,1.0
1.0,0.0,0.0,0.0
0.0,0.0,0.0,0.0
0.0,0.0,1.0,0.0
0.0,0.0,0.0,0.0
0.0,1.0,1.0,1.0
0.0,0.0,0.0,0.0
1.0,0.0,0.0,0.0
0.0,0.0,0.0,0.0
0.0,0.0,0.0,0.0
0.0,0.0,0.0,0.0
0.0,0.0,0.0,0.0
1.0,1.0,0.0,0.0
0.0,1.0,1.0,0.0
1.0,0.0,0.0,0.0
1.0,1.0,1.0,0.0
1.0,1.0,0.0,0.0
1.0,1.0,0.0,0.0
0.0,0.0,0.0,0.0
0.0,0.0,0.0,0.0
0.0,0.0,1.0,0.0
0.0,0.0,0.0,0.0
0.0,0.0,0.0,0.0
0.0,1.0,1.0,1.0
0.0,0.0,0.0,0.0
0.0,0.0,0.0,0.0
0.0,0.0,0.0,0.0
0.0,0.0,0.0,0.0
0.0,0.0,0.0,0.0
1.0,0.0,0.0,0.0
0.0,0.0,0.0,0.0
0.0,0.0,0.0,0.0
1.0,1.0,0.0,0.0
1.0,0.0,0.0,0.0
0.0,1.0,0.0,0.0
0.0,0.0,0.0,0.0
1.0,1.0,1.0,0.0
0.0,0.0,0.0,0.0
1.0,0.0,0.0,0.0
0.0,0.0,1.0,0.0
1.0,0.0,0.0,0.0
0.0,0.0,0.0,0.0
1.0,0.0,0.0,0.0
0.0,0.0,0.0,0.0
1.0,0.0,0.0,0.0
0.0,0.0,0.0,0.0
0.0,0.0,0.0,0.0
0.0,0.0,0.0,0.0
0.0,0.0,0.0,0.0
0.0,0.0,0.0,0.0
0.0,0.0,0.0,0.0
1.0,0.0,0.0,0.0
0.0,1.0,1.0,0.0
0.0,0.0,0.0,0.0
0.0,0.0,1.0,1.0
1.0,0.0,0.0,0.0
0.0,1.0,1.0,0.0
1.0,0.0,1.0,1.0
0.0,0.0,0.0,0.0
0.0,0.0,0.0,0.0
1.0,1.0,0.0,0.0
0.0,0.0,0.0,0.0
0.0,0.0,0.0,0.0
1.0,0.0,0.0,0.0
1.0,0.0,0.0,0.0
1.0,1.0,1.0,0.0
1.0,0.0,0.0,0.0
1.0,1.0,0.0,0.0
0.0,1.0,1.0,0.0
1.0,1.0,0.0,0.0
1.0,0.0,0.0,0.0
1.0,1.0,1.0,0.0
1.0,1.0,0.0,0.0
1.0,0.0,0.0,0.0
1.0,0.0,0.0,0.0
0.0,0.0,0.0,0.0
0.0,1.0,1.0,0.0
0.0,0.0,0.0,0.0
0.0,0.0,0.0,0.0
1.0,0.0,1.0,0.0
0.0,0.0,0.0,0.0
0.0,1.0,1.0,1.0
1.0,1.0,0.0,0.0
0.0,0.0,1.0,0.0
1.0,0.0,0.0,0.0
1.0,1.0,0.0,0.0
0.0,0.0,0.0,0.0
1.0,1.0,0.0,0.0
0.0,0.0,0.0,0.0
1.0,1.0,1.0,0.0
1.0,0.0,0.0,0.0
0.0,1.0,0.0,0.0
0.0,0.0,0.0,0.0
0.0,0.0,0.0,0.0
0.0,0.0,0.0,0.0
0.0,0.0,0.0,0.0
1.0,1.0,1.0,0.0
1.0,1.0,1.0,0.0
0.0,0.0,0.0,0.0
0.0,1.0,1.0,0.0
1.0,0.0,0.0,0.0
0.0,0.0,0.0,0.0
1.0,0.0,0.0,0.0
1.0,0.0,0.0,0.0
0.0,0.0,0.0,0.0
0.0,0.0,0.0,0.0
1.0,0.0,0.0,0.0
0.0,0.0,0.0,0.0
0.0,1.0,0.0,0.0
0.0,0.0,0.0,0.0
1.0,1.0,0.0,0.0
0.0,0.0,0.0,0.0
0.0,0.0,1.0,0.0
0.0,0.0,0.0,0.0
0.0,0.0,0.0,0.0
0.0,0.0,0.0,0.0
0.0,0.0,0.0,0.0
0.0,0.0,0.0,0.0
0.0,0.0,0.0,0.0
1.0,0.0,0.0,0.0
1.0,0.0,0.0,0.0
1.0,0.0,0.0,0.0
1.0,0.0,0.0,0.0
1.0,1.0,0.0,0.0
1.0,1.0,1.0,1.0
0.0,0.0,0.0,0.0
1.0,0.0,0.0,0.0
0.0,0.0,0.0,0.0
1.0,1.0,1.0,0.0
0.0,0.0,0.0,0.0
0.0,0.0,1.0,0.0
1.0,1.0,1.0,0.0
1.0,1.0,1.0,0.0
0.0,1.0,1.0,1.0
0.0,0.0,0.0,0.0
1.0,1.0,0.0,0.0
0.0,0.0,0.0,0.0
0.0,1.0,0.0,0.0
1.0,1.0,1.0,0.0
1.0,0.0,0.0,0.0
0.0,0.0,0.0,0.0
1.0,1.0,1.0,0.0
1.0,1.0,0.0,0.0
0.0,0.0,0.0,0.0
1.0,1.0,1.0,0.0
0.0,0.0,0.0,0.0
1.0,0.0,0.0,0.0
1.0,1.0,1.0,0.0
1.0,1.0,1.0,0.0
1.0,1.0,0.0,0.0
1.0,0.0,0.0,0.0
1.0,0.0,0.0,0.0
1.0,1.0,1.0,0.0
1.0,0.0,0.0,0.0
1.0,1.0,0.0,0.0
1.0,0.0,1.0,0.0
1.0,0.0,0.0,0.0
0.0,1.0,1.0,1.0
1.0,0.0,0.0,0.0
1.0,1.0,1.0,0.0
1.0,0.0,0.0,0.0
0.0,1.0,0.0,0.0
1.0,0.0,0.0,0.0
1.0,1.0,0.0,0.0
0.0,1.0,0.0,0.0
1.0,1.0,1.0,0.0
0.0,0.0,0.0,0.0
1.0,1.0,0.0,0.0
1.0,0.0,0.0,0.0
0.0,0.0,0.0,0.0
1.0,1.0,0.0,0.0
1.0,0.0,0.0,0.0
1.0,1.0,1.0,0.0
1.0,1.0,1.0,0.0
1.0,0.0,0.0,0.0
1.0,1.0,1.0,0.0
1.0,1.0,0.0,0.0
1.0,0.0,0.0,0.0
0.0,0.0,0.0,0.0
1.0,0.0,0.0,0.0
0.0,0.0,0.0,0.0
1.0,0.0,0.0,0.0
1.0,0.0,0.0,0.0
1.0,0.0,0.0,0.0
1.0,1.0,0.0,0.0
1.0,0.0,0.0,0.0
1.0,0.0,0.0,0.0
1.0,0.0,0.0,0.0
1.0,1.0,1.0,0.0
1.0,1.0,1.0,0.0
1.0,1.0,0.0,0.0
1.0,1.0,1.0,0.0
0.0,0.0,0.0,0.0
1.0,0.0,0.0,0.0
1.0,1.0,0.0,0.0
0.0,0.0,0.0,0.0
0.0,1.0,0.0,0.0
1.0,0.0,0.0,0.0
0.0,0.0,0.0,0.0
1.0,1.0,0.0,0.0
1.0,1.0,0.0,0.0
1.0,0.0,0.0,0.0
1.0,0.0,0.0,0.0
1.0,0.0,0.0,0.0
0.0,0.0,1.0,0.0
1.0,0.0,0.0,0.0
1.0,1.0,1.0,0.0
1.0,1.0,1.0,1.0
1.0,1.0,1.0,0.0
1.0,1.0,1.0,1.0
1.0,0.0,0.0,0.0
0.0,1.0,0.0,0.0
0.0,1.0,0.0,0.0
1.0,1.0,0.0,0.0
0.0,1.0,1.0,0.0
0.0,0.0,0.0,0.0
0.0,0.0,0.0,0.0
0.0,1.0,1.0,0.0
0.0,0.0,1.0,0.0
0.0,0.0,0.0,0.0
1.0,1.0,1.0,0.0
1.0,1.0,1.0,1.0
0.0,0.0,0.0,0.0
0.0,1.0,1.0,0.0
0.0,1.0,0.0,0.0
0.0,0.0,0.0,0.0
0.0,0.0,0.0,0.0
0.0,0.0,0.0,0.0
0.0,0.0,0.0,0.0
0.0,0.0,0.0,0.0
0.0,0.0,0.0,0.0
0.0,0.0,0.0,0.0
0.0,0.0,0.0,0.0
1.0,1.0,1.0,1.0
1.0,0.0,0.0,0.0
0.0,0.0,0.0,0.0
0.0,0.0,0.0,0.0
1.0,1.0,0.0,0.0
0.0,0.0,0.0,0.0
0.0,1.0,0.0,0.0
1.0,1.0,1.0,0.0
0.0,1.0,0.0,0.0
1.0,0.0,0.0,0.0
1.0,1.0,0.0,0.0
0.0,0.0,0.0,0.0
0.0,0.0,0.0,0.0
1.0,0.0,0.0,0.0
0.0,0.0,0.0,0.0
0.0,1.0,1.0,0.0
0.0,0.0,0.0,0.0
0.0,0.0,0.0,0.0
1.0,0.0,1.0,0.0
0.0,0.0,0.0,0.0
0.0,0.0,0.0,0.0
0.0,0.0,0.0,0.0
0.0,0.0,0.0,0.0
1.0,0.0,0.0,0.0
1.0,0.0,0.0,0.0
0.0,0.0,0.0,0.0
0.0,0.0,0.0,0.0
1.0,1.0,0.0,0.0
0.0,0.0,0.0,0.0
0.0,0.0,0.0,0.0
0.0,0.0,0.0,0.0
0.0,0.0,0.0,0.0
1.0,1.0,1.0,0.0
0.0,0.0,0.0,0.0
0.0,0.0,0.0,0.0
1.0,1.0,0.0,0.0
0.0,0.0,0.0,0.0
0.0,1.0,0.0,0.0
0.0,0.0,0.0,0.0
0.0,1.0,0.0,0.0
0.0,0.0,0.0,0.0
0.0,0.0,0.0,0.0
0.0,0.0,0.0,0.0
0.0,0.0,0.0,0.0
1.0,0.0,0.0,0.0
0.0,0.0,0.0,0.0
1.0,0.0,0.0,0.0
0.0,0.0,0.0,0.0
1.0,0.0,0.0,0.0
0.0,0.0,0.0,0.0
1.0,1.0,1.0,1.0
0.0,1.0,1.0,1.0
1.0,1.0,1.0,1.0
0.0,0.0,0.0,0.0
0.0,1.0,0.0,0.0
0.0,1.0,1.0,1.0
0.0,0.0,0.0,0.0
0.0,1.0,1.0,0.0
0.0,1.0,0.0,0.0
1.0,1.0,0.0,1.0
0.0,1.0,1.0,0.0
1.0,1.0,1.0,0.0
0.0,0.0,0.0,0.0
0.0,0.0,0.0,0.0
1.0,1.0,1.0,0.0
1.0,1.0,0.0,0.0
1.0,1.0,1.0,0.0
1.0,1.0,0.0,0.0
0.0,0.0,0.0,0.0
0.0,0.0,0.0,0.0
0.0,0.0,0.0,0.0
0.0,0.0,0.0,0.0
0.0,0.0,0.0,0.0
0.0,0.0,0.0,0.0
1.0,1.0,1.0,0.0
0.0,0.0,0.0,0.0
1.0,1.0,1.0,0.0
0.0,0.0,0.0,0.0
0.0,1.0,0.0,0.0
0.0,0.0,0.0,0.0
0.0,1.0,0.0,0.0
0.0,1.0,0.0,0.0
1.0,1.0,1.0,0.0
1.0,1.0,0.0,0.0
1.0,1.0,0.0,0.0
0.0,0.0,0.0,0.0
1.0,0.0,0.0,0.0
1.0,1.0,0.0,0.0
0.0,0.0,0.0,0.0
0.0,0.0,0.0,0.0
1.0,1.0,0.0,0.0
0.0,1.0,1.0,0.0
1.0,0.0,0.0,0.0
0.0,0.0,0.0,0.0
0.0,0.0,0.0,0.0
1.0,1.0,0.0,0.0
1.0,1.0,0.0,0.0
0.0,0.0,0.0,0.0
0.0,0.0,0.0,0.0
0.0,0.0,0.0,0.0
0.0,0.0,0.0,0.0
1.0,1.0,0.0,0.0
0.0,0.0,0.0,0.0
1.0,1.0,0.0,0.0
1.0,0.0,0.0,0.0
1.0,0.0,0.0,0.0
0.0,0.0,0.0,0.0
1.0,1.0,0.0,0.0
0.0,1.0,1.0,0.0
0.0,0.0,0.0,0.0
1.0,1.0,0.0,0.0
1.0,1.0,0.0,0.0
1.0,0.0,0.0,0.0
0.0,1.0,0.0,0.0
1.0,0.0,0.0,0.0
1.0,1.0,1.0,0.0
0.0,0.0,0.0,0.0
1.0,1.0,0.0,0.0
0.0,1.0,0.0,0.0
0.0,0.0,0.0,0.0
0.0,0.0,0.0,0.0
1.0,1.0,0.0,0.0
0.0,1.0,0.0,0.0
0.0,0.0,0.0,0.0
0.0,0.0,0.0,0.0
0.0,0.0,0.0,0.0
0.0,1.0,1.0,1.0
0.0,1.0,1.0,1.0
0.0,1.0,1.0,1.0
1.0,1.0,0.0,0.0
1.0,1.0,0.0,0.0
1.0,1.0,1.0,0.0
0.0,1.0,0.0,0.0
1.0,1.0,1.0,0.0
1.0,1.0,1.0,0.0
1.0,1.0,0.0,1.0
1.0,1.0,1.0,0.0
0.0,1.0,0.0,1.0
1.0,1.0,1.0,0.0
1.0,0.0,0.0,0.0
0.0,0.0,0.0,0.0
1.0,1.0,0.0,0.0
1.0,1.0,0.0,0.0
1.0,1.0,0.0,0.0
1.0,1.0,0.0,0.0
1.0,1.0,0.0,0.0
1.0,0.0,0.0,0.0
1.0,1.0,0.0,0.0
0.0,1.0,0.0,0.0
1.0,1.0,0.0,0.0
1.0,1.0,1.0,1.0
1.0,1.0,0.0,0.0
0.0,0.0,0.0,0.0
1.0,1.0,0.0,0.0
1.0,1.0,0.0,0.0
1.0,0.0,0.0,0.0
1.0,0.0,0.0,0.0
1.0,1.0,0.0,0.0
0.0,1.0,0.0,0.0
0.0,0.0,0.0,0.0
1.0,1.0,0.0,0.0
0.0,0.0,0.0,0.0
0.0,0.0,0.0,0.0
0.0,0.0,0.0,0.0
1.0,0.0,0.0,0.0
1.0,0.0,0.0,0.0
1.0,1.0,0.0,1.0
1.0,1.0,1.0,0.0
1.0,1.0,0.0,0.0
1.0,1.0,0.0,0.0
0.0,0.0,0.0,0.0
1.0,1.0,0.0,0.0
0.0,1.0,0.0,0.0
1.0,0.0,0.0,0.0
1.0,1.0,0.0,0.0
1.0,0.0,0.0,0.0
1.0,1.0,0.0,0.0
0.0,0.0,0.0,0.0
1.0,0.0,0.0,0.0
0.0,0.0,0.0,0.0
1.0,1.0,0.0,0.0
1.0,0.0,0.0,0.0
1.0,1.0,0.0,0.0
1.0,1.0,0.0,0.0
1.0,1.0,1.0,0.0
1.0,0.0,0.0,0.0
1.0,0.0,0.0,0.0
0.0,0.0,0.0,0.0
0.0,0.0,0.0,0.0
1.0,0.0,0.0,0.0
0.0,0.0,0.0,0.0
0.0,0.0,1.0,1.0
1.0,1.0,0.0,0.0
0.0,0.0,0.0,0.0
1.0,0.0,0.0,0.0
1.0,1.0,0.0,0.0
1.0,1.0,0.0,0.0
1.0,1.0,0.0,0.0
1.0,1.0,1.0,0.0
1.0,0.0,0.0,0.0
1.0,1.0,0.0,0.0
1.0,1.0,0.0,0.0
1.0,1.0,1.0,1.0
1.0,1.0,1.0,1.0
1.0,1.0,1.0,1.0
0.0,0.0,0.0,0.0
0.0,1.0,0.0,0.0
0.0,0.0,1.0,1.0
1.0,1.0,1.0,0.0
0.0,1.0,1.0,0.0
0.0,0.0,0.0,0.0
1.0,1.0,0.0,1.0
0.0,0.0,0.0,0.0
0.0,0.0,1.0,1.0
0.0,0.0,0.0,0.0
0.0,0.0,0.0,0.0
0.0,0.0,1.0,0.0
0.0,0.0,0.0,0.0
0.0,0.0,0.0,0.0
0.0,0.0,0.0,0.0
1.0,0.0,0.0,0.0
1.0,0.0,0.0,0.0
0.0,0.0,0.0,0.0
0.0,1.0,0.0,0.0
1.0,1.0,1.0,0.0
1.0,1.0,0.0,0.0
1.0,1.0,1.0,1.0
1.0,1.0,0.0,0.0
0.0,0.0,0.0,0.0
0.0,0.0,0.0,0.0
0.0,0.0,0.0,0.0
0.0,0.0,0.0,0.0
0.0,0.0,0.0,0.0
0.0,1.0,0.0,0.0
1.0,0.0,0.0,0.0
1.0,0.0,1.0,0.0
1.0,0.0,0.0,0.0
1.0,0.0,0.0,0.0
0.0,0.0,0.0,0.0
0.0,0.0,0.0,0.0
0.0,0.0,0.0,0.0
0.0,0.0,0.0,0.0
0.0,1.0,0.0,1.0
0.0,0.0,1.0,0.0
0.0,1.0,0.0,0.0
1.0,1.0,0.0,0.0
1.0,0.0,0.0,0.0
1.0,0.0,0.0,0.0
1.0,0.0,0.0,0.0
0.0,0.0,0.0,0.0
0.0,0.0,0.0,0.0
1.0,0.0,0.0,0.0
0.0,0.0,0.0,0.0
0.0,0.0,0.0,0.0
0.0,0.0,0.0,0.0
1.0,0.0,0.0,0.0
0.0,0.0,0.0,0.0
0.0,0.0,0.0,0.0
0.0,0.0,0.0,0.0
0.0,0.0,0.0,0.0
0.0,1.0,0.0,0.0
0.0,0.0,0.0,0.0
0.0,0.0,0.0,0.0
1.0,0.0,1.0,0.0
0.0,0.0,0.0,0.0
0.0,0.0,0.0,0.0
0.0,0.0,0.0,0.0
1.0,0.0,1.0,0.0
0.0,1.0,0.0,0.0
0.0,0.0,0.0,0.0
0.0,0.0,0.0,0.0
0.0,0.0,0.0,0.0
0.0,1.0,0.0,0.0
0.0,0.0,0.0,0.0
0.0,1.0,1.0,0.0
0.0,0.0,0.0,1.0
0.0,1.0,0.0,0.0
0.0,1.0,0.0,0.0
0.0,1.0,1.0,1.0
1.0,0.0,0.0,0.0
1.0,1.0,1.0,1.0
1.0,0.0,0.0,0.0
0.0,0.0,0.0,0.0
0.0,0.0,1.0,0.0
0.0,0.0,0.0,0.0
1.0,1.0,1.0,0.0
1.0,0.0,1.0,0.0
1.0,1.0,0.0,1.0
0.0,0.0,0.0,0.0
1.0,0.0,1.0,0.0
0.0,0.0,0.0,0.0
1.0,0.0,0.0,0.0
1.0,1.0,0.0,0.0
1.0,0.0,0.0,0.0
0.0,0.0,0.0,0.0
0.0,0.0,0.0,0.0
0.0,0.0,0.0,0.0
0.0,1.0,0.0,0.0
1.0,1.0,1.0,0.0
0.0,0.0,0.0,0.0
0.0,1.0,0.0,0.0
0.0,0.0,0.0,0.0
1.0,1.0,1.0,0.0
0.0,0.0,0.0,0.0
1.0,0.0,0.0,0.0
1.0,0.0,0.0,0.0
0.0,0.0,0.0,0.0
1.0,0.0,0.0,0.0
0.0,0.0,0.0,0.0
0.0,0.0,0.0,0.0
0.0,0.0,0.0,0.0
0.0,0.0,0.0,0.0
0.0,0.0,0.0,0.0
1.0,0.0,0.0,0.0
1.0,0.0,0.0,0.0
1.0,0.0,0.0,0.0
1.0,0.0,0.0,0.0
0.0,0.0,0.0,0.0
1.0,1.0,0.0,0.0
0.0,0.0,0.0,0.0
0.0,0.0,0.0,0.0
1.0,1.0,0.0,0.0
0.0,0.0,0.0,0.0
0.0,0.0,0.0,0.0
0.0,0.0,0.0,0.0
0.0,0.0,0.0,0.0
1.0,0.0,0.0,0.0
0.0,0.0,0.0,0.0
0.0,1.0,0.0,0.0
1.0,0.0,0.0,0.0
1.0,0.0,0.0,0.0
0.0,0.0,0.0,0.0
1.0,0.0,0.0,0.0
1.0,0.0,0.0,0.0
1.0,0.0,0.0,0.0
0.0,0.0,0.0,0.0
0.0,0.0,0.0,0.0
0.0,0.0,0.0,0.0
0.0,0.0,0.0,0.0
0.0,0.0,1.0,0.0
1.0,0.0,0.0,0.0
0.0,0.0,0.0,0.0
1.0,0.0,0.0,0.0
1.0,0.0,0.0,0.0
0.0,1.0,0.0,0.0
1.0,0.0,0.0,0.0
0.0,0.0,0.0,0.0
0.0,0.0,0.0,0.0
1.0,1.0,0.0,0.0
0.0,0.0,0.0,0.0
0.0,1.0,0.0,0.0
0.0,0.0,0.0,0.0
1.0,1.0,0.0,0.0
0.0,0.0,0.0,0.0
1.0,1.0,1.0,0.0
0.0,0.0,0.0,0.0
0.0,0.0,1.0,1.0
0.0,0.0,0.0,0.0
1.0,0.0,0.0,0.0
1.0,0.0,1.0,0.0
1.0,0.0,0.0,0.0
1.0,0.0,0.0,0.0
1.0,0.0,1.0,0.0
0.0,0.0,0.0,0.0
1.0,0.0,0.0,0.0
1.0,1.0,1.0,1.0
1.0,1.0,0.0,0.0
0.0,0.0,0.0,0.0
0.0,0.0,0.0,0.0
1.0,1.0,0.0,0.0
0.0,0.0,0.0,0.0
0.0,0.0,0.0,0.0
0.0,0.0,0.0,0.0
1.0,1.0,1.0,1.0
0.0,1.0,1.0,0.0
1.0,1.0,0.0,0.0
1.0,1.0,0.0,0.0
0.0,0.0,0.0,0.0
0.0,0.0,0.0,1.0
0.0,0.0,0.0,0.0
0.0,0.0,0.0,0.0
1.0,0.0,0.0,0.0
0.0,0.0,0.0,0.0
0.0,0.0,0.0,0.0
0.0,0.0,0.0,0.0
1.0,0.0,0.0,0.0
0.0,0.0,0.0,0.0
0.0,0.0,0.0,0.0
0.0,0.0,0.0,0.0
1.0,1.0,0.0,0.0
0.0,0.0,0.0,0.0
0.0,0.0,0.0,0.0
0.0,0.0,0.0,0.0
1.0,1.0,1.0,0.0
1.0,1.0,1.0,1.0
1.0,0.0,0.0,0.0
1.0,1.0,0.0,0.0
1.0,1.0,0.0,0.0
0.0,0.0,0.0,0.0
1.0,0.0,0.0,0.0
0.0,0.0,0.0,0.0
0.0,0.0,0.0,0.0
1.0,1.0,0.0,0.0
0.0,0.0,0.0,0.0
1.0,1.0,1.0,0.0
1.0,0.0,0.0,0.0
1.0,0.0,0.0,0.0
0.0,0.0,0.0,0.0
0.0,0.0,0.0,0.0
0.0,0.0,0.0,0.0
0.0,0.0,0.0,0.0
0.0,0.0,0.0,0.0
1.0,0.0,1.0,0.0
1.0,0.0,0.0,0.0
0.0,0.0,0.0,0.0
0.0,0.0,1.0,0.0
1.0,0.0,0.0,0.0
1.0,0.0,1.0,1.0
0.0,0.0,0.0,0.0
0.0,0.0,0.0,0.0
1.0,1.0,0.0,0.0
0.0,0.0,0.0,0.0
1.0,0.0,0.0,0.0
1.0,0.0,0.0,0.0
1.0,1.0,0.0,0.0
0.0,0.0,0.0,0.0
1.0,1.0,1.0,0.0
1.0,1.0,1.0,1.0
0.0,1.0,0.0,0.0
1.0,1.0,0.0,0.0
0.0,0.0,1.0,0.0
1.0,0.0,0.0,0.0
0.0,0.0,1.0,1.0
0.0,0.0,0.0,0.0
0.0,0.0,0.0,0.0
0.0,0.0,1.0,0.0
1.0,0.0,1.0,0.0
0.0,0.0,0.0,0.0
0.0,0.0,0.0,0.0
1.0,0.0,0.0,1.0
0.0,0.0,0.0,0.0
0.0,0.0,1.0,0.0
0.0,0.0,0.0,0.0
1.0,0.0,0.0,0.0
0.0,0.0,1.0,1.0
1.0,0.0,1.0,0.0
1.0,0.0,0.0,0.0
1.0,0.0,0.0,0.0
1.0,0.0,0.0,0.0
0.0,0.0,1.0,1.0
0.0,1.0,1.0,0.0
1.0,0.0,0.0,0.0
0.0,0.0,0.0,0.0
1.0,0.0,0.0,0.0
1.0,0.0,1.0,1.0
1.0,0.0,0.0,0.0
1.0,0.0,0.0,0.0
0.0,0.0,0.0,0.0
1.0,0.0,0.0,0.0
0.0,0.0,0.0,0.0
0.0,0.0,1.0,1.0
0.0,0.0,0.0,0.0
0.0,0.0,0.0,0.0
0.0,0.0,1.0,0.0
1.0,0.0,0.0,0.0
0.0,0.0,1.0,1.0
0.0,0.0,0.0,0.0
0.0,0.0,1.0,1.0
1.0,0.0,0.0,0.0
0.0,1.0,1.0,0.0
0.0,0.0,0.0,1.0
1.0,0.0,1.0,0.0
1.0,0.0,0.0,0.0
1.0,0.0,0.0,0.0
1.0,1.0,0.0,0.0
0.0,0.0,0.0,0.0
0.0,0.0,0.0,0.0
0.0,0.0,0.0,0.0
1.0,1.0,0.0,0.0
0.0,0.0,0.0,1.0
1.0,1.0,1.0,0.0
0.0,0.0,0.0,0.0
0.0,0.0,0.0,0.0
0.0,0.0,0.0,0.0
1.0,0.0,0.0,0.0
1.0,0.0,0.0,0.0
0.0,0.0,0.0,0.0
1.0,0.0,0.0,0.0
1.0,0.0,1.0,0.0
0.0,0.0,1.0,0.0
0.0,0.0,0.0,0.0
0.0,0.0,1.0,0.0
0.0,0.0,0.0,0.0
0.0,0.0,1.0,1.0
0.0,0.0,1.0,0.0
0.0,0.0,1.0,1.0
1.0,1.0,0.0,0.0
1.0,0.0,0.0,0.0
0.0,0.0,0.0,0.0
1.0,0.0,0.0,0.0
0.0,0.0,0.0,0.0
0.0,0.0,1.0,0.0
1.0,1.0,1.0,0.0
0.0,0.0,0.0,1.0
0.0,0.0,0.0,0.0
1.0,0.0,0.0,0.0
0.0,0.0,1.0,1.0
1.0,0.0,0.0,0.0
0.0,0.0,1.0,1.0
0.0,0.0,0.0,0.0
0.0,0.0,0.0,0.0
0.0,0.0,1.0,1.0
0.0,0.0,1.0,0.0
1.0,0.0,0.0,0.0
0.0,0.0,1.0,0.0
0.0,0.0,0.0,1.0
0.0,0.0,0.0,0.0
0.0,0.0,1.0,1.0
0.0,0.0,0.0,0.0
0.0,0.0,0.0,0.0
1.0,1.0,1.0,1.0
0.0,0.0,1.0,0.0
0.0,0.0,0.0,0.0
0.0,0.0,0.0,0.0
0.0,0.0,0.0,0.0
0.0,0.0,1.0,1.0
1.0,1.0,1.0,1.0
0.0,0.0,0.0,0.0
0.0,0.0,0.0,0.0
0.0,0.0,0.0,0.0
0.0,0.0,1.0,0.0
0.0,0.0,0.0,0.0
0.0,0.0,0.0,0.0
0.0,0.0,0.0,0.0
0.0,0.0,0.0,0.0
0.0,0.0,1.0,0.0
1.0,1.0,1.0,1.0
0.0,0.0,0.0,0.0
1.0,0.0,0.0,0.0
1.0,1.0,1.0,1.0
1.0,0.0,0.0,0.0
1.0,1.0,1.0,1.0
0.0,0.0,0.0,0.0
1.0,1.0,1.0,1.0
1.0,0.0,1.0,0.0
0.0,0.0,1.0,0.0
1.0,0.0,1.0,0.0
0.0,0.0,0.0,0.0
0.0,0.0,0.0,0.0
0.0,0.0,0.0,0.0
0.0,0.0,0.0,0.0
1.0,0.0,0.0,0.0
1.0,0.0,1.0,1.0
0.0,0.0,0.0,0.0
0.0,0.0,0.0,0.0
1.0,0.0,1.0,1.0
0.0,0.0,1.0,0.0
1.0,0.0,1.0,0.0
1.0,0.0,1.0,1.0
1.0,0.0,1.0,0.0
0.0,0.0,0.0,0.0
1.0,0.0,0.0,0.0
0.0,0.0,0.0,0.0
0.0,0.0,0.0,0.0
0.0,0.0,1.0,0.0
1.0,0.0,1.0,0.0
0.0,0.0,0.0,0.0
1.0,1.0,1.0,1.0
0.0,0.0,0.0,0.0
0.0,0.0,1.0,1.0
1.0,0.0,1.0,1.0
1.0,1.0,1.0,1.0
0.0,0.0,0.0,0.0
0.0,0.0,0.0,0.0
1.0,0.0,1.0,0.0
0.0,0.0,0.0,0.0
1.0,0.0,0.0,0.0
0.0,0.0,1.0,0.0
0.0,0.0,1.0,0.0
1.0,0.0,0.0,1.0
0.0,0.0,0.0,0.0
0.0,0.0,0.0,0.0
1.0,1.0,1.0,1.0
0.0,0.0,0.0,0.0
0.0,0.0,1.0,1.0
1.0,0.0,1.0,0.0
1.0,0.0,1.0,0.0
1.0,1.0,1.0,1.0
0.0,0.0,1.0,0.0
1.0,0.0,0.0,0.0
1.0,1.0,1.0,1.0
0.0,0.0,1.0,1.0
1.0,1.0,0.0,0.0
1.0,1.0,1.0,0.0
1.0,1.0,0.0,0.0
1.0,1.0,0.0,0.0
1.0,1.0,1.0,0.0
1.0,1.0,1.0,0.0
1.0,1.0,0.0,0.0
1.0,1.0,0.0,0.0
1.0,1.0,0.0,0.0
1.0,1.0,1.0,1.0
0.0,1.0,1.0,1.0
1.0,0.0,0.0,0.0
1.0,0.0,1.0,0.0
1.0,0.0,0.0,0.0
0.0,0.0,0.0,0.0
1.0,0.0,1.0,0.0
0.0,0.0,0.0,0.0
1.0,1.0,1.0,0.0
1.0,0.0,0.0,0.0
1.0,1.0,1.0,0.0
1.0,1.0,1.0,1.0
1.0,0.0,0.0,0.0
1.0,0.0,1.0,0.0
1.0,1.0,1.0,1.0
1.0,1.0,0.0,0.0
1.0,1.0,1.0,1.0
1.0,1.0,1.0,1.0
1.0,1.0,1.0,1.0
1.0,1.0,1.0,1.0
1.0,1.0,1.0,0.0
1.0,1.0,1.0,1.0
1.0,0.0,0.0,0.0
1.0,0.0,0.0,0.0
1.0,0.0,1.0,0.0
1.0,0.0,0.0,0.0
1.0,0.0,0.0,0.0
1.0,1.0,1.0,1.0
0.0,0.0,1.0,0.0
1.0,0.0,0.0,0.0
1.0,1.0,1.0,1.0
1.0,0.0,1.0,0.0
1.0,1.0,1.0,1.0
1.0,1.0,1.0,1.0
1.0,1.0,1.0,0.0
1.0,1.0,1.0,0.0
1.0,1.0,0.0,0.0
1.0,1.0,1.0,0.0
1.0,0.0,0.0,0.0
1.0,1.0,1.0,0.0
1.0,1.0,1.0,1.0
1.0,1.0,0.0,0.0
1.0,1.0,1.0,1.0
1.0,1.0,1.0,0.0
1.0,1.0,1.0,1.0
1.0,1.0,1.0,1.0
0.0,1.0,1.0,1.0
1.0,0.0,0.0,0.0
1.0,0.0,1.0,0.0
1.0,1.0,1.0,0.0
0.0,0.0,0.0,0.0
1.0,0.0,0.0,0.0
1.0,0.0,1.0,1.0
1.0,1.0,1.0,0.0
1.0,1.0,1.0,1.0
1.0,0.0,0.0,0.0
1.0,0.0,0.0,0.0
0.0,0.0,0.0,0.0
1.0,0.0,0.0,0.0
1.0,0.0,1.0,1.0
1.0,1.0,1.0,0.0
1.0,1.0,1.0,1.0
1.0,1.0,1.0,1.0
1.0,1.0,1.0,0.0
0.0,0.0,0.0,0.0
1.0,1.0,1.0,1.0
1.0,0.0,1.0,1.0
0.0,1.0,0.0,0.0
1.0,1.0,1.0,0.0
0.0,0.0,0.0,0.0
0.0,0.0,0.0,0.0
0.0,0.0,0.0,0.0
1.0,1.0,1.0,0.0
0.0,1.0,0.0,0.0
0.0,1.0,0.0,0.0
0.0,1.0,0.0,0.0
1.0,1.0,1.0,1.0
1.0,1.0,1.0,1.0
0.0,0.0,0.0,0.0
0.0,0.0,0.0,0.0
1.0,0.0,0.0,0.0
1.0,0.0,0.0,0.0
1.0,1.0,1.0,0.0
0.0,0.0,0.0,0.0
0.0,1.0,1.0,0.0
1.0,1.0,0.0,0.0
0.0,1.0,1.0,0.0
1.0,1.0,1.0,1.0
0.0,0.0,0.0,0.0
0.0,1.0,1.0,0.0
1.0,1.0,1.0,0.0
0.0,1.0,0.0,0.0
1.0,1.0,1.0,0.0
0.0,1.0,0.0,0.0
0.0,1.0,1.0,1.0
0.0,1.0,1.0,1.0
0.0,1.0,1.0,0.0
0.0,0.0,1.0,0.0
0.0,1.0,0.0,0.0
0.0,0.0,0.0,0.0
1.0,0.0,0.0,0.0
0.0,0.0,0.0,0.0
0.0,1.0,1.0,0.0
0.0,1.0,1.0,1.0
0.0,1.0,1.0,0.0
1.0,0.0,1.0,0.0
0.0,1.0,1.0,0.0
0.0,0.0,0.0,0.0
1.0,1.0,1.0,1.0
1.0,1.0,1.0,1.0
0.0,1.0,0.0,0.0
1.0,1.0,1.0,0.0
0.0,0.0,0.0,0.0
1.0,0.0,0.0,0.0
0.0,0.0,0.0,0.0
1.0,0.0,0.0,0.0
1.0,1.0,1.0,0.0
0.0,0.0,0.0,0.0
1.0,1.0,1.0,1.0
1.0,1.0,1.0,0.0
1.0,1.0,1.0,1.0
1.0,1.0,1.0,1.0
1.0,1.0,1.0,1.0
0.0,0.0,0.0,0.0
1.0,1.0,1.0,0.0
1.0,1.0,1.0,0.0
1.0,1.0,0.0,0.0
0.0,0.0,0.0,0.0
0.0,1.0,1.0,1.0
1.0,0.0,0.0,0.0
0.0,1.0,1.0,1.0
1.0,0.0,0.0,0.0
0.0,0.0,0.0,0.0
0.0,0.0,0.0,0.0
0.0,0.0,0.0,0.0
0.0,1.0,1.0,1.0
0.0,1.0,1.0,0.0
1.0,1.0,1.0,1.0
0.0,1.0,1.0,1.0
0.0,1.0,0.0,0.0
1.0,1.0,0.0,0.0
1.0,1.0,1.0,1.0
0.0,1.0,1.0,1.0
0.0,1.0,0.0,0.0
0.0,1.0,1.0,0.0
0.0,0.0,1.0,0.0
0.0,0.0,0.0,0.0
0.0,0.0,0.0,0.0
0.0,1.0,1.0,0.0
0.0,1.0,0.0,0.0
0.0,1.0,0.0,0.0
1.0,1.0,1.0,0.0
0.0,1.0,1.0,1.0
0.0,1.0,1.0,1.0
0.0,0.0,0.0,0.0
0.0,1.0,0.0,0.0
0.0,0.0,0.0,0.0
0.0,1.0,1.0,0.0
0.0,1.0,1.0,0.0
1.0,1.0,0.0,0.0
0.0,1.0,0.0,0.0
0.0,1.0,0.0,0.0
0.0,1.0,1.0,0.0
0.0,1.0,1.0,1.0
1.0,1.0,0.0,0.0
1.0,1.0,1.0,0.0
0.0,1.0,0.0,0.0
0.0,1.0,1.0,0.0
0.0,1.0,1.0,0.0
0.0,1.0,0.0,0.0
0.0,1.0,1.0,1.0
0.0,1.0,1.0,1.0
0.0,1.0,1.0,0.0
0.0,1.0,1.0,0.0
0.0,1.0,0.0,0.0
0.0,0.0,0.0,0.0
0.0,0.0,0.0,0.0
1.0,0.0,0.0,0.0
1.0,1.0,1.0,0.0
1.0,1.0,1.0,1.0
0.0,1.0,1.0,0.0
1.0,0.0,1.0,0.0
0.0,1.0,1.0,1.0
1.0,0.0,0.0,0.0
0.0,1.0,1.0,1.0
0.0,1.0,1.0,1.0
0.0,1.0,0.0,0.0
0.0,0.0,0.0,0.0
1.0,1.0,1.0,0.0
0.0,0.0,0.0,0.0
1.0,1.0,1.0,0.0
0.0,0.0,0.0,0.0
0.0,1.0,1.0,0.0
0.0,1.0,0.0,0.0
0.0,1.0,1.0,1.0
0.0,1.0,1.0,0.0
0.0,1.0,1.0,1.0
0.0,1.0,1.0,0.0
0.0,1.0,1.0,1.0
0.0,0.0,0.0,0.0
0.0,1.0,1.0,0.0
0.0,1.0,1.0,0.0
1.0,1.0,1.0,0.0
0.0,0.0,0.0,0.0
0.0,1.0,1.0,1.0
0.0,0.0,0.0,0.0
0.0,1.0,1.0,1.0
0.0,0.0,0.0,0.0
0.0,0.0,0.0,0.0
0.0,0.0,0.0,0.0
1.0,1.0,0.0,0.0
1.0,1.0,1.0,1.0
0.0,1.0,1.0,1.0
1.0,1.0,1.0,0.0
0.0,1.0,1.0,1.0
0.0,1.0,1.0,1.0
0.0,1.0,0.0,0.0
1.0,1.0,1.0,0.0
0.0,1.0,1.0,1.0
1.0,1.0,1.0,1.0
0.0,1.0,1.0,0.0
1.0,0.0,1.0,0.0
1.0,1.0,1.0,0.0
1.0,1.0,0.0,1.0
1.0,1.0,1.0,0.0
1.0,1.0,1.0,1.0
1.0,1.0,1.0,0.0
1.0,1.0,1.0,0.0
1.0,1.0,1.0,1.0
0.0,1.0,1.0,1.0
1.0,1.0,0.0,0.0
1.0,1.0,1.0,0.0
1.0,1.0,1.0,0.0
0.0,1.0,1.0,0.0
0.0,1.0,1.0,0.0
1.0,1.0,0.0,0.0
1.0,1.0,1.0,0.0
1.0,1.0,1.0,0.0
1.0,1.0,1.0,0.0
1.0,1.0,1.0,1.0
0.0,1.0,0.0,0.0
0.0,1.0,1.0,1.0
1.0,1.0,1.0,1.0
1.0,1.0,1.0,0.0
1.0,1.0,1.0,1.0
0.0,1.0,1.0,1.0
0.0,1.0,1.0,1.0
1.0,1.0,1.0,1.0
0.0,1.0,1.0,0.0
1.0,1.0,1.0,1.0
1.0,1.0,1.0,1.0
1.0,1.0,1.0,0.0
0.0,1.0,1.0,0.0
0.0,0.0,0.0,0.0
0.0,1.0,0.0,0.0
1.0,1.0,1.0,1.0
1.0,1.0,1.0,1.0
0.0,1.0,1.0,1.0
1.0,1.0,1.0,1.0
0.0,0.0,0.0,0.0
1.0,1.0,1.0,1.0
1.0,1.0,1.0,1.0
1.0,1.0,1.0,0.0
1.0,1.0,1.0,0.0
1.0,1.0,1.0,0.0
0.0,1.0,1.0,0.0
0.0,1.0,1.0,0.0
1.0,1.0,1.0,0.0
1.0,1.0,1.0,1.0
1.0,1.0,1.0,0.0
1.0,1.0,1.0,1.0
0.0,1.0,1.0,1.0
0.0,1.0,1.0,1.0
1.0,1.0,1.0,1.0
1.0,1.0,1.0,1.0
1.0,1.0,0.0,0.0
1.0,1.0,1.0,0.0
0.0,1.0,1.0,1.0
0.0,1.0,1.0,0.0
0.0,0.0,0.0,0.0
1.0,1.0,1.0,1.0
1.0,0.0,0.0,0.0
1.0,1.0,1.0,1.0
0.0,0.0,0.0,0.0
1.0,1.0,1.0,0.0
1.0,0.0,0.0,0.0
1.0,1.0,1.0,0.0
1.0,1.0,1.0,1.0
1.0,1.0,1.0,1.0
0.0,1.0,0.0,1.0
0.0,1.0,1.0,1.0
1.0,1.0,1.0,1.0
0.0,1.0,0.0,1.0
0.0,1.0,1.0,1.0
0.0,1.0,1.0,1.0
1.0,1.0,1.0,1.0
1.0,1.0,1.0,0.0
1.0,0.0,0.0,0.0
1.0,1.0,1.0,0.0
1.0,1.0,1.0,1.0
1.0,1.0,1.0,0.0
1.0,1.0,1.0,1.0
1.0,1.0,1.0,1.0
1.0,1.0,1.0,0.0
1.0,1.0,1.0,1.0
1.0,1.0,1.0,1.0
1.0,1.0,0.0,0.0
1.0,1.0,1.0,0.0
1.0,1.0,1.0,1.0
1.0,1.0,1.0,1.0
1.0,1.0,1.0,0.0
1.0,1.0,0.0,0.0
1.0,1.0,1.0,1.0
1.0,1.0,1.0,0.0
1.0,1.0,1.0,0.0
1.0,1.0,1.0,1.0
1.0,1.0,1.0,0.0
1.0,1.0,1.0,1.0
1.0,1.0,1.0,1.0
1.0,1.0,1.0,0.0
1.0,1.0,1.0,1.0
0.0,1.0,1.0,1.0
1.0,1.0,1.0,1.0
1.0,1.0,1.0,1.0
1.0,1.0,1.0,0.0
1.0,1.0,1.0,1.0
1.0,1.0,1.0,1.0
1.0,1.0,1.0,0.0
1.0,1.0,1.0,1.0
1.0,1.0,1.0,0.0
1.0,1.0,1.0,1.0
1.0,1.0,1.0,1.0
1.0,1.0,1.0,1.0
1.0,1.0,1.0,1.0
1.0,1.0,1.0,1.0
1.0,1.0,0.0,0.0
1.0,1.0,1.0,1.0
1.0,1.0,1.0,1.0
1.0,1.0,1.0,0.0
1.0,1.0,1.0,0.0
1.0,1.0,1.0,0.0
1.0,1.0,1.0,0.0
1.0,1.0,1.0,1.0
1.0,1.0,1.0,0.0
1.0,1.0,1.0,1.0
0.0,1.0,1.0,0.0
1.0,1.0,1.0,1.0
1.0,1.0,1.0,1.0
1.0,1.0,1.0,1.0
1.0,1.0,1.0,0.0
1.0,1.0,1.0,1.0
1.0,1.0,0.0,0.0
1.0,1.0,1.0,0.0
1.0,1.0,1.0,1.0
1.0,1.0,1.0,0.0
1.0,1.0,0.0,0.0
1.0,1.0,1.0,1.0
0.0,1.0,0.0,0.0
1.0,1.0,1.0,1.0
1.0,1.0,1.0,0.0
1.0,1.0,0.0,0.0
1.0,0.0,0.0,0.0
0.0,1.0,1.0,0.0
1.0,1.0,1.0,1.0
0.0,1.0,1.0,0.0
1.0,1.0,1.0,1.0
1.0,1.0,1.0,1.0
1.0,1.0,1.0,1.0
1.0,1.0,1.0,1.0
1.0,0.0,1.0,1.0
1.0,1.0,1.0,1.0
0.0,0.0,0.0,0.0
1.0,0.0,1.0,0.0
0.0,0.0,1.0,1.0
0.0,1.0,1.0,1.0
0.0,0.0,0.0,1.0
0.0,1.0,1.0,0.0
0.0,0.0,1.0,0.0
0.0,1.0,1.0,0.0
0.0,0.0,1.0,0.0
0.0,1.0,1.0,1.0
0.0,1.0,1.0,1.0
0.0,1.0,1.0,0.0
0.0,1.0,0.0,0.0
0.0,1.0,1.0,1.0
0.0,1.0,1.0,1.0
0.0,1.0,1.0,0.0
1.0,1.0,1.0,0.0
0.0,1.0,1.0,1.0
0.0,1.0,1.0,0.0
0.0,1.0,1.0,0.0
0.0,0.0,1.0,1.0
0.0,1.0,0.0,0.0
0.0,1.0,1.0,1.0
0.0,0.0,1.0,1.0
0.0,1.0,1.0,0.0
0.0,1.0,1.0,1.0
1.0,1.0,1.0,1.0
0.0,0.0,1.0,1.0
0.0,1.0,1.0,1.0
0.0,1.0,1.0,0.0
1.0,1.0,1.0,1.0
0.0,0.0,1.0,0.0
0.0,1.0,1.0,0.0
0.0,1.0,1.0,1.0
0.0,1.0,1.0,0.0
0.0,1.0,1.0,1.0
0.0,1.0,1.0,1.0
1.0,1.0,1.0,1.0
0.0,1.0,1.0,1.0
0.0,1.0,1.0,1.0
0.0,1.0,0.0,0.0
1.0,1.0,1.0,1.0
0.0,1.0,1.0,1.0
0.0,0.0,0.0,0.0
0.0,1.0,1.0,0.0
0.0,1.0,1.0,0.0
0.0,1.0,1.0,0.0
0.0,1.0,1.0,0.0
0.0,1.0,1.0,0.0
0.0,1.0,1.0,1.0
0.0,1.0,1.0,0.0
0.0,0.0,1.0,1.0
0.0,1.0,1.0,1.0
0.0,1.0,1.0,1.0
0.0,0.0,1.0,0.0
0.0,0.0,1.0,1.0
0.0,1.0,0.0,0.0
0.0,1.0,1.0,0.0
0.0,1.0,1.0,1.0
0.0,1.0,1.0,0.0
1.0,1.0,1.0,0.0
1.0,1.0,1.0,1.0
0.0,0.0,0.0,0.0
0.0,0.0,1.0,1.0
0.0,1.0,1.0,0.0
0.0,1.0,1.0,0.0
0.0,0.0,0.0,0.0
0.0,1.0,1.0,0.0
1.0,1.0,1.0,1.0
0.0,1.0,1.0,1.0
0.0,0.0,1.0,1.0
0.0,0.0,1.0,1.0
0.0,1.0,1.0,1.0
0.0,1.0,1.0,1.0
0.0,0.0,0.0,1.0
1.0,1.0,1.0,1.0
1.0,0.0,0.0,0.0
0.0,0.0,0.0,0.0
1.0,0.0,1.0,0.0
1.0,1.0,1.0,0.0
1.0,1.0,1.0,1.0
1.0,1.0,1.0,0.0
1.0,1.0,1.0,0.0
1.0,1.0,1.0,0.0
1.0,1.0,1.0,0.0
1.0,1.0,1.0,1.0
1.0,1.0,1.0,1.0
1.0,1.0,1.0,0.0
1.0,1.0,0.0,0.0
1.0,1.0,1.0,0.0
1.0,1.0,1.0,0.0
1.0,1.0,1.0,0.0
1.0,1.0,0.0,0.0
1.0,1.0,1.0,0.0
1.0,1.0,1.0,0.0
1.0,1.0,1.0,0.0
1.0,1.0,1.0,1.0
1.0,1.0,0.0,0.0
1.0,1.0,1.0,1.0
1.0,1.0,1.0,1.0
1.0,1.0,1.0,0.0
1.0,1.0,1.0,1.0
1.0,1.0,1.0,1.0
1.0,1.0,1.0,1.0
1.0,1.0,1.0,1.0
1.0,1.0,1.0,0.0
1.0,1.0,1.0,0.0
1.0,1.0,1.0,0.0
1.0,1.0,1.0,0.0
1.0,1.0,1.0,0.0
1.0,1.0,1.0,0.0
1.0,1.0,1.0,1.0
1.0,1.0,1.0,1.0
1.0,1.0,1.0,0.0
1.0,1.0,1.0,1.0
1.0,1.0,1.0,1.0
1.0,1.0,0.0,0.0
1.0,1.0,1.0,1.0
1.0,1.0,1.0,1.0
1.0,1.0,1.0,0.0
1.0,1.0,1.0,0.0
1.0,1.0,1.0,0.0
1.0,1.0,1.0,0.0
1.0,1.0,1.0,0.0
1.0,1.0,1.0,0.0
1.0,1.0,1.0,1.0
1.0,1.0,1.0,0.0
1.0,0.0,1.0,1.0
1.0,1.0,1.0,1.0
1.0,0.0,1.0,1.0
0.0,0.0,0.0,0.0
1.0,1.0,1.0,1.0
1.0,1.0,0.0,0.0
1.0,1.0,1.0,0.0
1.0,1.0,1.0,1.0
1.0,1.0,1.0,0.0
1.0,1.0,0.0,0.0
0.0,1.0,1.0,1.0
1.0,1.0,0.0,0.0
1.0,1.0,1.0,1.0
1.0,1.0,1.0,0.0
1.0,1.0,1.0,0.0
1.0,1.0,1.0,1.0
1.0,1.0,1.0,0.0
0.0,0.0,0.0,0.0
1.0,1.0,1.0,0.0
1.0,0.0,1.0,1.0
1.0,1.0,1.0,1.0
1.0,0.0,1.0,1.0
0.0,0.0,1.0,1.0
1.0,0.0,0.0,1.0
0.0,1.0,1.0,1.0
0.0,0.0,0.0,0.0
0.0,0.0,0.0,0.0
0.0,0.0,0.0,0.0
0.0,1.0,1.0,0.0
0.0,1.0,1.0,1.0
0.0,0.0,0.0,0.0
0.0,0.0,0.0,0.0
0.0,1.0,1.0,0.0
0.0,0.0,0.0,0.0
1.0,1.0,1.0,0.0
1.0,1.0,1.0,1.0
0.0,0.0,0.0,0.0
0.0,0.0,0.0,0.0
0.0,1.0,0.0,0.0
0.0,1.0,1.0,0.0
0.0,0.0,1.0,0.0
0.0,0.0,0.0,0.0
0.0,0.0,0.0,0.0
0.0,0.0,0.0,0.0
1.0,1.0,1.0,0.0
0.0,1.0,1.0,1.0
1.0,1.0,0.0,0.0
1.0,1.0,1.0,1.0
1.0,1.0,1.0,1.0
0.0,0.0,0.0,0.0
0.0,0.0,0.0,0.0
0.0,1.0,1.0,1.0
1.0,0.0,0.0,0.0
0.0,0.0,1.0,0.0
0.0,0.0,0.0,0.0
0.0,0.0,0.0,0.0
0.0,0.0,0.0,0.0
0.0,0.0,0.0,0.0
0.0,1.0,1.0,0.0
0.0,1.0,0.0,0.0
0.0,1.0,1.0,1.0
0.0,0.0,1.0,0.0
0.0,0.0,0.0,0.0
0.0,1.0,1.0,1.0
0.0,1.0,1.0,0.0
0.0,0.0,0.0,0.0
0.0,1.0,1.0,1.0
0.0,1.0,1.0,1.0
0.0,0.0,1.0,0.0
0.0,1.0,0.0,0.0
0.0,0.0,0.0,0.0
0.0,1.0,1.0,0.0
0.0,1.0,1.0,0.0
0.0,1.0,0.0,0.0
0.0,1.0,1.0,1.0
0.0,1.0,1.0,0.0
1.0,0.0,0.0,1.0
1.0,0.0,0.0,0.0
0.0,0.0,0.0,1.0
0.0,0.0,0.0,0.0
1.0,1.0,1.0,1.0
0.0,0.0,0.0,0.0
0.0,0.0,0.0,0.0
0.0,1.0,1.0,0.0
0.0,0.0,1.0,0.0
0.0,0.0,0.0,0.0
1.0,1.0,1.0,0.0
0.0,0.0,0.0,0.0
0.0,0.0,0.0,1.0
0.0,1.0,0.0,0.0
0.0,0.0,0.0,0.0
0.0,1.0,0.0,1.0
0.0,1.0,0.0,0.0
0.0,0.0,0.0,0.0
0.0,0.0,1.0,0.0
1.0,0.0,1.0,0.0
1.0,1.0,1.0,1.0
0.0,0.0,0.0,0.0
1.0,1.0,1.0,0.0
1.0,0.0,1.0,1.0
0.0,1.0,1.0,1.0
1.0,0.0,1.0,0.0
1.0,1.0,0.0,0.0
1.0,1.0,1.0,1.0
1.0,1.0,1.0,0.0
0.0,0.0,1.0,1.0
0.0,0.0,0.0,0.0
0.0,0.0,1.0,0.0
0.0,1.0,1.0,0.0
0.0,0.0,0.0,0.0
0.0,0.0,0.0,1.0
0.0,0.0,1.0,1.0
1.0,0.0,0.0,0.0
1.0,0.0,0.0,0.0
1.0,0.0,1.0,0.0
0.0,0.0,0.0,0.0
1.0,0.0,1.0,0.0
1.0,0.0,0.0,0.0
1.0,0.0,1.0,0.0
1.0,0.0,0.0,0.0
0.0,0.0,1.0,0.0
0.0,0.0,1.0,1.0
0.0,0.0,0.0,0.0
1.0,1.0,1.0,1.0
0.0,0.0,0.0,0.0
0.0,0.0,0.0,0.0
0.0,0.0,1.0,1.0
0.0,0.0,1.0,1.0
0.0,0.0,0.0,0.0
1.0,0.0,1.0,1.0
1.0,0.0,0.0,0.0
1.0,0.0,1.0,1.0
0.0,0.0,0.0,0.0
0.0,0.0,0.0,0.0
0.0,1.0,1.0,1.0
1.0,1.0,1.0,0.0
0.0,0.0,1.0,1.0
0.0,0.0,1.0,1.0
1.0,0.0,1.0,0.0
0.0,1.0,1.0,1.0
0.0,0.0,1.0,1.0
1.0,0.0,0.0,0.0
1.0,0.0,1.0,1.0
0.0,0.0,1.0,1.0
0.0,0.0,0.0,0.0
0.0,0.0,0.0,0.0
0.0,0.0,1.0,0.0
1.0,1.0,1.0,0.0
0.0,0.0,1.0,0.0
0.0,0.0,0.0,0.0
0.0,0.0,1.0,1.0
1.0,0.0,1.0,0.0
0.0,0.0,0.0,1.0
0.0,0.0,1.0,1.0
0.0,0.0,1.0,1.0
1.0,0.0,0.0,0.0
0.0,0.0,0.0,1.0
0.0,0.0,0.0,0.0
0.0,0.0,0.0,0.0
0.0,0.0,1.0,0.0
0.0,0.0,1.0,0.0
1.0,1.0,1.0,0.0
0.0,0.0,1.0,0.0
1.0,0.0,0.0,0.0
1.0,1.0,1.0,1.0
1.0,1.0,1.0,0.0
0.0,0.0,0.0,0.0
0.0,0.0,0.0,1.0
1.0,1.0,0.0,0.0
0.0,0.0,0.0,0.0
0.0,0.0,1.0,1.0
0.0,0.0,1.0,0.0
0.0,0.0,0.0,1.0
0.0,0.0,0.0,1.0
1.0,0.0,1.0,0.0
0.0,0.0,0.0,1.0
1.0,1.0,1.0,0.0
1.0,0.0,1.0,0.0
0.0,0.0,0.0,0.0
0.0,1.0,1.0,1.0
1.0,1.0,1.0,0.0
0.0,0.0,0.0,1.0
0.0,0.0,0.0,0.0
1.0,1.0,1.0,1.0
1.0,1.0,1.0,0.0
1.0,0.0,0.0,0.0
1.0,0.0,1.0,1.0
1.0,0.0,1.0,1.0
0.0,0.0,1.0,0.0
0.0,0.0,0.0,0.0
0.0,0.0,1.0,0.0
0.0,0.0,0.0,0.0
0.0,0.0,1.0,0.0
0.0,0.0,0.0,0.0
0.0,0.0,0.0,0.0
0.0,0.0,0.0,0.0
0.0,0.0,0.0,0.0
0.0,0.0,0.0,1.0
0.0,0.0,0.0,0.0
0.0,0.0,1.0,1.0
0.0,0.0,0.0,0.0
1.0,0.0,0.0,0.0
1.0,0.0,1.0,1.0
0.0,0.0,1.0,1.0
0.0,0.0,0.0,0.0
1.0,0.0,0.0,1.0
0.0,0.0,0.0,0.0
0.0,0.0,1.0,1.0
0.0,0.0,0.0,0.0
0.0,0.0,1.0,0.0
0.0,0.0,1.0,1.0
1.0,1.0,1.0,0.0
0.0,0.0,0.0,1.0
0.0,0.0,0.0,1.0
1.0,0.0,0.0,0.0
0.0,0.0,1.0,1.0
1.0,0.0,1.0,1.0
0.0,0.0,0.0,0.0
0.0,0.0,1.0,1.0
1.0,0.0,1.0,1.0
0.0,0.0,0.0,0.0
0.0,0.0,0.0,0.0
1.0,0.0,1.0,0.0
0.0,0.0,0.0,0.0
0.0,0.0,1.0,0.0
0.0,0.0,0.0,0.0
0.0,0.0,0.0,1.0
0.0,0.0,0.0,0.0
0.0,0.0,0.0,1.0
0.0,0.0,1.0,1.0
0.0,0.0,1.0,1.0
0.0,0.0,0.0,0.0
0.0,0.0,0.0,1.0
0.0,0.0,0.0,0.0
0.0,0.0,0.0,0.0
0.0,0.0,0.0,0.0
0.0,0.0,1.0,0.0
0.0,0.0,0.0,0.0
0.0,0.0,0.0,1.0
0.0,0.0,0.0,0.0
0.0,0.0,1.0,1.0
1.0,0.0,0.0,0.0
0.0,0.0,1.0,0.0
0.0,0.0,0.0,1.0
0.0,1.0,0.0,0.0
1.0,0.0,0.0,0.0
0.0,0.0,0.0,1.0
0.0,0.0,0.0,1.0
0.0,0.0,0.0,1.0
0.0,0.0,0.0,1.0
0.0,0.0,1.0,1.0
0.0,0.0,0.0,1.0
0.0,0.0,0.0,0.0
0.0,0.0,1.0,0.0
1.0,0.0,0.0,0.0
1.0,1.0,1.0,1.0
1.0,1.0,1.0,0.0
1.0,1.0,0.0,1.0
0.0,0.0,0.0,0.0
1.0,1.0,0.0,1.0
1.0,1.0,0.0,0.0
1.0,1.0,0.0,0.0
0.0,0.0,0.0,1.0
0.0,0.0,1.0,1.0
1.0,1.0,0.0,0.0
0.0,0.0,0.0,0.0
0.0,0.0,0.0,1.0
0.0,0.0,0.0,0.0
1.0,1.0,1.0,1.0
0.0,0.0,0.0,0.0
0.0,0.0,0.0,0.0
0.0,0.0,0.0,0.0
1.0,1.0,0.0,0.0
1.0,0.0,0.0,1.0
0.0,0.0,0.0,1.0
1.0,1.0,0.0,1.0
1.0,1.0,0.0,1.0
1.0,1.0,0.0,0.0
0.0,0.0,0.0,1.0
0.0,1.0,1.0,1.0
1.0,0.0,0.0,1.0
0.0,0.0,0.0,1.0
1.0,0.0,0.0,0.0
1.0,1.0,0.0,1.0
1.0,1.0,0.0,0.0
1.0,1.0,1.0,0.0
0.0,0.0,1.0,1.0
0.0,1.0,1.0,0.0
1.0,0.0,0.0,1.0
1.0,0.0,0.0,1.0
0.0,0.0,0.0,0.0
0.0,0.0,1.0,1.0
1.0,0.0,1.0,1.0
0.0,0.0,0.0,0.0
1.0,0.0,1.0,1.0
0.0,0.0,1.0,1.0
1.0,0.0,0.0,0.0
0.0,0.0,0.0,0.0
0.0,1.0,0.0,0.0
0.0,0.0,0.0,0.0
1.0,0.0,1.0,0.0
1.0,1.0,0.0,0.0
1.0,0.0,0.0,1.0
1.0,0.0,0.0,0.0
1.0,1.0,0.0,1.0
1.0,1.0,1.0,1.0
1.0,0.0,0.0,1.0
1.0,0.0,0.0,0.0
1.0,1.0,0.0,1.0
0.0,0.0,0.0,0.0
1.0,0.0,0.0,0.0
0.0,0.0,0.0,1.0
1.0,0.0,1.0,0.0
0.0,0.0,0.0,0.0
1.0,0.0,0.0,1.0
1.0,0.0,0.0,0.0
1.0,1.0,1.0,1.0
0.0,0.0,0.0,0.0
1.0,1.0,0.0,0.0
1.0,1.0,0.0,1.0
1.0,1.0,0.0,0.0
0.0,0.0,0.0,0.0
1.0,0.0,0.0,1.0
1.0,1.0,0.0,1.0
1.0,1.0,0.0,1.0
1.0,0.0,1.0,1.0
1.0,1.0,1.0,1.0
1.0,1.0,0.0,1.0
0.0,0.0,0.0,0.0
0.0,0.0,1.0,0.0
0.0,0.0,0.0,0.0
1.0,1.0,1.0,1.0
0.0,0.0,0.0,0.0
0.0,0.0,1.0,1.0
1.0,0.0,0.0,0.0
0.0,0.0,0.0,0.0
0.0,0.0,0.0,0.0
0.0,0.0,0.0,0.0
0.0,0.0,0.0,0.0
0.0,0.0,0.0,1.0
0.0,1.0,1.0,0.0
1.0,0.0,0.0,0.0
1.0,0.0,1.0,1.0
1.0,0.0,0.0,0.0
0.0,0.0,0.0,1.0
0.0,0.0,0.0,0.0
1.0,0.0,0.0,0.0
1.0,0.0,0.0,0.0
0.0,0.0,0.0,0.0
0.0,0.0,0.0,1.0
1.0,0.0,0.0,0.0
0.0,0.0,0.0,0.0
0.0,0.0,0.0,1.0
0.0,0.0,0.0,0.0
1.0,0.0,0.0,1.0
1.0,1.0,1.0,1.0
1.0,0.0,0.0,1.0
1.0,0.0,0.0,1.0
1.0,0.0,0.0,0.0
0.0,1.0,0.0,1.0
0.0,0.0,0.0,0.0
0.0,0.0,1.0,0.0
1.0,0.0,1.0,1.0
1.0,0.0,1.0,0.0
0.0,0.0,0.0,1.0
0.0,0.0,0.0,1.0
1.0,0.0,0.0,0.0
1.0,0.0,1.0,1.0
0.0,0.0,1.0,1.0
1.0,0.0,0.0,0.0
1.0,1.0,0.0,1.0
0.0,0.0,0.0,1.0
0.0,0.0,0.0,0.0
1.0,0.0,0.0,0.0
1.0,1.0,1.0,0.0
1.0,0.0,0.0,0.0
0.0,0.0,0.0,0.0
1.0,0.0,0.0,0.0
1.0,0.0,0.0,1.0
0.0,0.0,0.0,0.0
0.0,0.0,0.0,1.0
0.0,0.0,1.0,1.0
1.0,1.0,0.0,1.0
0.0,0.0,0.0,0.0
0.0,0.0,0.0,1.0
1.0,0.0,0.0,0.0
0.0,0.0,0.0,0.0
1.0,0.0,0.0,0.0
0.0,0.0,0.0,0.0
1.0,0.0,1.0,0.0
1.0,0.0,0.0,1.0
0.0,0.0,0.0,0.0
1.0,1.0,1.0,1.0
1.0,0.0,0.0,0.0
1.0,0.0,0.0,0.0
0.0,0.0,0.0,1.0
0.0,0.0,0.0,0.0
1.0,0.0,0.0,0.0
0.0,0.0,0.0,1.0
0.0,0.0,0.0,1.0
1.0,0.0,0.0,1.0
0.0,0.0,0.0,1.0
1.0,1.0,1.0,1.0
0.0,0.0,0.0,1.0
0.0,0.0,0.0,0.0
0.0,1.0,1.0,0.0
0.0,0.0,0.0,0.0
0.0,0.0,1.0,1.0
0.0,0.0,0.0,0.0
1.0,0.0,1.0,1.0
0.0,0.0,0.0,0.0
0.0,0.0,0.0,0.0
1.0,0.0,0.0,0.0
1.0,0.0,0.0,0.0
1.0,0.0,0.0,0.0
1.0,0.0,0.0,1.0
1.0,1.0,1.0,0.0
1.0,0.0,0.0,0.0
1.0,0.0,1.0,1.0
0.0,0.0,0.0,0.0
1.0,1.0,1.0,1.0
1.0,0.0,0.0,0.0
1.0,0.0,0.0,0.0
0.0,0.0,0.0,0.0
1.0,0.0,0.0,0.0
1.0,0.0,1.0,1.0
0.0,0.0,0.0,1.0
0.0,0.0,0.0,1.0
1.0,0.0,0.0,1.0
0.0,0.0,0.0,0.0
1.0,0.0,0.0,1.0
0.0,1.0,1.0,1.0
0.0,0.0,0.0,0.0
1.0,0.0,0.0,1.0
1.0,0.0,0.0,0.0
1.0,1.0,1.0,1.0
1.0,1.0,0.0,0.0
1.0,1.0,0.0,0.0
1.0,0.0,1.0,1.0
1.0,0.0,1.0,0.0
0.0,0.0,0.0,1.0
1.0,0.0,0.0,1.0
0.0,0.0,0.0,0.0
1.0,0.0,1.0,1.0
1.0,0.0,1.0,1.0
0.0,0.0,0.0,0.0
0.0,0.0,0.0,1.0
0.0,0.0,0.0,1.0
1.0,0.0,0.0,0.0
1.0,0.0,1.0,0.0
0.0,0.0,0.0,1.0
1.0,0.0,0.0,0.0
1.0,0.0,0.0,0.0
1.0,0.0,0.0,0.0
0.0,0.0,0.0,1.0
0.0,0.0,0.0,0.0
1.0,0.0,0.0,1.0
1.0,1.0,1.0,1.0
1.0,0.0,0.0,1.0
1.0,0.0,0.0,0.0
1.0,0.0,0.0,1.0
1.0,0.0,0.0,0.0
1.0,0.0,0.0,0.0
0.0,0.0,0.0,0.0
1.0,0.0,0.0,0.0
1.0,1.0,1.0,0.0
0.0,0.0,0.0,1.0
1.0,0.0,1.0,0.0
0.0,1.0,1.0,1.0
0.0,0.0,0.0,0.0
1.0,0.0,0.0,0.0
0.0,0.0,0.0,1.0
1.0,0.0,0.0,0.0
0.0,0.0,0.0,0.0
1.0,0.0,0.0,1.0
0.0,0.0,0.0,1.0
1.0,0.0,0.0,1.0
1.0,1.0,1.0,1.0
0.0,1.0,1.0,1.0
1.0,0.0,0.0,1.0
0.0,0.0,0.0,0.0
0.0,1.0,0.0,1.0
0.0,0.0,0.0,0.0
1.0,0.0,0.0,1.0
0.0,0.0,0.0,0.0
0.0,1.0,0.0,1.0
0.0,1.0,0.0,0.0
1.0,0.0,0.0,0.0
1.0,0.0,0.0,0.0
1.0,0.0,0.0,0.0
0.0,0.0,0.0,1.0
0.0,1.0,0.0,1.0
0.0,1.0,0.0,0.0
0.0,1.0,0.0,0.0
0.0,1.0,0.0,1.0
0.0,0.0,0.0,0.0
1.0,1.0,0.0,1.0
0.0,0.0,0.0,0.0
0.0,0.0,0.0,1.0
0.0,0.0,0.0,0.0
1.0,0.0,0.0,0.0
1.0,1.0,1.0,1.0
0.0,1.0,0.0,1.0
1.0,1.0,0.0,1.0
1.0,1.0,0.0,1.0
0.0,0.0,0.0,0.0
0.0,1.0,0.0,1.0
1.0,1.0,1.0,1.0
0.0,0.0,0.0,1.0
0.0,0.0,0.0,1.0
0.0,1.0,0.0,0.0
0.0,1.0,0.0,0.0
0.0,0.0,0.0,0.0
0.0,1.0,0.0,0.0
0.0,1.0,0.0,1.0
0.0,0.0,0.0,1.0
1.0,1.0,0.0,1.0
1.0,1.0,0.0,1.0
0.0,0.0,0.0,0.0
0.0,1.0,0.0,1.0
0.0,1.0,1.0,1.0
1.0,1.0,0.0,0.0
0.0,0.0,0.0,1.0
0.0,1.0,0.0,1.0
0.0,1.0,0.0,0.0
0.0,1.0,0.0,0.0
0.0,0.0,0.0,1.0
0.0,1.0,0.0,0.0
0.0,0.0,0.0,0.0
0.0,0.0,0.0,0.0
0.0,0.0,0.0,1.0
1.0,0.0,0.0,0.0
0.0,1.0,0.0,1.0
0.0,1.0,0.0,1.0
0.0,1.0,0.0,1.0
0.0,0.0,0.0,0.0
0.0,1.0,0.0,1.0
0.0,1.0,0.0,0.0
0.0,1.0,0.0,1.0
0.0,0.0,0.0,1.0
1.0,1.0,0.0,0.0
0.0,1.0,0.0,1.0
1.0,1.0,0.0,0.0
0.0,1.0,0.0,1.0
0.0,1.0,1.0,1.0
0.0,0.0,0.0,0.0
0.0,1.0,0.0,0.0
0.0,0.0,0.0,1.0
0.0,0.0,0.0,0.0
0.0,1.0,0.0,1.0
1.0,1.0,0.0,1.0
1.0,1.0,1.0,1.0
0.0,1.0,0.0,1.0
0.0,1.0,0.0,1.0
1.0,1.0,0.0,0.0
0.0,0.0,0.0,1.0
0.0,0.0,0.0,0.0
1.0,1.0,1.0,0.0
1.0,0.0,0.0,0.0
1.0,0.0,0.0,0.0
1.0,0.0,0.0,0.0
1.0,1.0,0.0,1.0
1.0,1.0,0.0,0.0
1.0,0.0,0.0,0.0
0.0,0.0,0.0,0.0
1.0,0.0,0.0,0.0
1.0,1.0,0.0,1.0
1.0,1.0,0.0,1.0
1.0,1.0,0.0,0.0
1.0,1.0,0.0,0.0
1.0,1.0,0.0,1.0
1.0,0.0,0.0,0.0
1.0,1.0,0.0,0.0
1.0,1.0,0.0,1.0
1.0,1.0,0.0,1.0
1.0,1.0,0.0,0.0
1.0,0.0,0.0,0.0
1.0,1.0,0.0,1.0
1.0,1.0,0.0,1.0
1.0,0.0,0.0,1.0
0.0,0.0,0.0,1.0
1.0,0.0,0.0,0.0
1.0,1.0,0.0,1.0
1.0,1.0,1.0,1.0
1.0,1.0,0.0,1.0
1.0,1.0,0.0,1.0
1.0,1.0,0.0,0.0
1.0,0.0,0.0,0.0
0.0,0.0,0.0,0.0
1.0,1.0,0.0,0.0
1.0,1.0,0.0,1.0
1.0,0.0,0.0,0.0
1.0,1.0,0.0,1.0
1.0,1.0,0.0,1.0
1.0,0.0,0.0,0.0
1.0,1.0,0.0,1.0
1.0,1.0,1.0,1.0
1.0,1.0,0.0,0.0
0.0,0.0,0.0,1.0
1.0,0.0,0.0,1.0
1.0,0.0,0.0,0.0
1.0,1.0,0.0,0.0
1.0,1.0,0.0,1.0
1.0,1.0,0.0,0.0
1.0,1.0,0.0,0.0
1.0,1.0,0.0,0.0
1.0,1.0,0.0,1.0
0.0,0.0,0.0,0.0
1.0,0.0,0.0,1.0
0.0,1.0,0.0,1.0
0.0,1.0,0.0,1.0
1.0,1.0,0.0,0.0
1.0,1.0,0.0,1.0
1.0,1.0,0.0,0.0
1.0,1.0,0.0,1.0
1.0,1.0,0.0,1.0
0.0,1.0,0.0,0.0
1.0,1.0,1.0,0.0
1.0,1.0,0.0,0.0
1.0,1.0,1.0,1.0
1.0,1.0,1.0,1.0
1.0,1.0,0.0,0.0
1.0,1.0,0.0,0.0
1.0,1.0,0.0,1.0
0.0,0.0,0.0,0.0
1.0,1.0,0.0,1.0
1.0,1.0,0.0,1.0
1.0,1.0,0.0,1.0
1.0,1.0,0.0,1.0
1.0,1.0,1.0,1.0
1.0,1.0,0.0,0.0
1.0,0.0,0.0,1.0
1.0,0.0,0.0,0.0
0.0,1.0,1.0,1.0
0.0,0.0,0.0,0.0
0.0,0.0,0.0,1.0
0.0,0.0,0.0,0.0
0.0,0.0,1.0,1.0
0.0,0.0,0.0,0.0
0.0,0.0,0.0,1.0
0.0,0.0,0.0,1.0
0.0,0.0,0.0,0.0
0.0,0.0,0.0,0.0
0.0,1.0,0.0,1.0
0.0,0.0,0.0,0.0
0.0,0.0,0.0,0.0
0.0,1.0,1.0,1.0
0.0,0.0,0.0,0.0
0.0,0.0,0.0,0.0
0.0,0.0,0.0,1.0
0.0,1.0,0.0,0.0
0.0,0.0,0.0,0.0
0.0,0.0,0.0,0.0
0.0,1.0,1.0,1.0
0.0,0.0,0.0,1.0
0.0,0.0,0.0,0.0
0.0,0.0,0.0,1.0
0.0,0.0,0.0,0.0
0.0,0.0,0.0,1.0
0.0,1.0,1.0,1.0
0.0,0.0,0.0,1.0
0.0,1.0,1.0,1.0
0.0,0.0,0.0,0.0
0.0,0.0,0.0,0.0
0.0,0.0,0.0,0.0
0.0,0.0,0.0,0.0
0.0,1.0,0.0,1.0
0.0,0.0,0.0,0.0
0.0,0.0,0.0,1.0
0.0,0.0,0.0,1.0
0.0,0.0,0.0,1.0
0.0,0.0,0.0,1.0
0.0,1.0,1.0,1.0
0.0,1.0,0.0,0.0
0.0,0.0,0.0,1.0
0.0,0.0,0.0,1.0
0.0,0.0,0.0,0.0
0.0,1.0,0.0,0.0
0.0,0.0,0.0,0.0
0.0,0.0,0.0,0.0
0.0,0.0,0.0,0.0
0.0,0.0,0.0,0.0
0.0,1.0,0.0,1.0
1.0,0.0,0.0,0.0
0.0,0.0,0.0,1.0
0.0,0.0,0.0,1.0
0.0,0.0,0.0,1.0
0.0,1.0,0.0,0.0
0.0,0.0,0.0,1.0
0.0,0.0,0.0,0.0
0.0,0.0,0.0,0.0
1.0,1.0,0.0,1.0
0.0,1.0,0.0,0.0
0.0,0.0,0.0,0.0
0.0,0.0,0.0,0.0
0.0,1.0,1.0,1.0
0.0,0.0,0.0,1.0
0.0,0.0,0.0,0.0
0.0,0.0,0.0,0.0
0.0,0.0,0.0,1.0
0.0,0.0,0.0,0.0
0.0,1.0,1.0,1.0
0.0,0.0,0.0,1.0
0.0,0.0,0.0,0.0
0.0,0.0,0.0,1.0
0.0,0.0,1.0,1.0
0.0,0.0,0.0,0.0
0.0,0.0,0.0,1.0
0.0,0.0,0.0,0.0
1.0,1.0,1.0,0.0
0.0,0.0,0.0,0.0
1.0,0.0,0.0,1.0
0.0,0.0,0.0,0.0
1.0,1.0,1.0,1.0
1.0,0.0,1.0,1.0
1.0,0.0,1.0,1.0
1.0,0.0,1.0,1.0
1.0,0.0,0.0,0.0
0.0,1.0,0.0,0.0
0.0,0.0,0.0,1.0
0.0,0.0,0.0,0.0
1.0,0.0,1.0,0.0
0.0,1.0,1.0,1.0
1.0,0.0,0.0,0.0
0.0,0.0,0.0,0.0
0.0,1.0,1.0,1.0
0.0,1.0,1.0,0.0
0.0,0.0,0.0,0.0
0.0,0.0,0.0,0.0
1.0,1.0,1.0,1.0
1.0,1.0,1.0,1.0
1.0,0.0,0.0,0.0
1.0,1.0,1.0,1.0
1.0,0.0,0.0,1.0
1.0,1.0,1.0,1.0
1.0,0.0,1.0,1.0
1.0,1.0,1.0,1.0
0.0,1.0,1.0,1.0
1.0,0.0,0.0,0.0
0.0,0.0,0.0,0.0
1.0,0.0,0.0,0.0
1.0,0.0,0.0,0.0
1.0,1.0,1.0,1.0
0.0,0.0,0.0,0.0
1.0,0.0,1.0,1.0
0.0,0.0,0.0,1.0
0.0,0.0,1.0,1.0
0.0,0.0,0.0,1.0
1.0,1.0,1.0,1.0
0.0,1.0,1.0,0.0
0.0,0.0,0.0,1.0
1.0,1.0,0.0,1.0
1.0,0.0,0.0,1.0
0.0,1.0,0.0,0.0
0.0,0.0,1.0,1.0
0.0,0.0,0.0,0.0
0.0,1.0,0.0,0.0
1.0,0.0,0.0,0.0
0.0,0.0,1.0,1.0
0.0,0.0,0.0,1.0
1.0,1.0,1.0,1.0
1.0,1.0,1.0,1.0
0.0,0.0,1.0,1.0
0.0,1.0,1.0,0.0
1.0,1.0,1.0,1.0
0.0,0.0,1.0,0.0
0.0,0.0,1.0,0.0
0.0,0.0,0.0,1.0
0.0,1.0,0.0,0.0
0.0,0.0,0.0,0.0
0.0,0.0,0.0,0.0
1.0,1.0,1.0,1.0
0.0,0.0,0.0,1.0
0.0,0.0,0.0,0.0
1.0,0.0,1.0,0.0
1.0,0.0,0.0,1.0
1.0,0.0,0.0,1.0
1.0,1.0,1.0,1.0
0.0,1.0,0.0,1.0
0.0,0.0,0.0,0.0
1.0,1.0,1.0,1.0
1.0,1.0,1.0,1.0
0.0,0.0,0.0,0.0
1.0,1.0,1.0,1.0
0.0,0.0,0.0,0.0
1.0,1.0,1.0,0.0
1.0,1.0,0.0,0.0
1.0,1.0,1.0,1.0
0.0,0.0,0.0,0.0
1.0,1.0,1.0,1.0
1.0,1.0,1.0,0.0
1.0,1.0,1.0,1.0
1.0,1.0,1.0,1.0
1.0,0.0,0.0,0.0
1.0,1.0,1.0,0.0
1.0,1.0,1.0,1.0
1.0,0.0,1.0,0.0
1.0,1.0,1.0,0.0
1.0,1.0,1.0,1.0
1.0,0.0,1.0,0.0
1.0,1.0,1.0,0.0
1.0,1.0,1.0,1.0
1.0,1.0,1.0,0.0
1.0,1.0,0.0,0.0
1.0,1.0,0.0,0.0
1.0,1.0,1.0,1.0
1.0,1.0,1.0,1.0
0.0,0.0,0.0,0.0
1.0,1.0,1.0,1.0
0.0,1.0,0.0,1.0
1.0,1.0,1.0,0.0
1.0,0.0,1.0,1.0
1.0,1.0,1.0,1.0
1.0,1.0,1.0,1.0
1.0,1.0,1.0,0.0
1.0,0.0,1.0,0.0
0.0,0.0,0.0,0.0
1.0,0.0,1.0,0.0
1.0,1.0,1.0,1.0
1.0,1.0,1.0,0.0
1.0,0.0,1.0,1.0
1.0,1.0,0.0,1.0
1.0,1.0,1.0,1.0
1.0,1.0,0.0,1.0
1.0,1.0,1.0,1.0
1.0,1.0,1.0,0.0
1.0,0.0,1.0,1.0
1.0,1.0,0.0,0.0
1.0,0.0,1.0,1.0
1.0,1.0,0.0,0.0
1.0,1.0,1.0,1.0
1.0,0.0,0.0,0.0
1.0,1.0,0.0,0.0
1.0,0.0,0.0,0.0
1.0,1.0,1.0,1.0
1.0,0.0,0.0,1.0
1.0,1.0,1.0,1.0
1.0,1.0,1.0,1.0
1.0,1.0,1.0,1.0
1.0,1.0,1.0,1.0
1.0,1.0,1.0,1.0
1.0,1.0,1.0,0.0
1.0,1.0,1.0,0.0
1.0,1.0,1.0,1.0
1.0,1.0,0.0,0.0
1.0,1.0,1.0,0.0
1.0,1.0,0.0,0.0
1.0,1.0,1.0,0.0
1.0,1.0,1.0,0.0
1.0,1.0,1.0,0.0
1.0,1.0,1.0,0.0
0.0,0.0,1.0,1.0
1.0,1.0,1.0,1.0
0.0,1.0,1.0,1.0
1.0,1.0,1.0,1.0
1.0,1.0,1.0,0.0
1.0,1.0,1.0,1.0
1.0,1.0,1.0,1.0
1.0,0.0,0.0,0.0
1.0,1.0,1.0,1.0
1.0,1.0,0.0,0.0
0.0,0.0,0.0,0.0
1.0,0.0,0.0,0.0
0.0,0.0,0.0,1.0
1.0,1.0,0.0,1.0
0.0,0.0,1.0,1.0
0.0,0.0,0.0,0.0
0.0,0.0,1.0,1.0
0.0,0.0,0.0,1.0
0.0,0.0,0.0,0.0
0.0,0.0,0.0,0.0
0.0,0.0,0.0,1.0
0.0,0.0,0.0,0.0
0.0,0.0,0.0,0.0
0.0,0.0,0.0,0.0
0.0,0.0,0.0,0.0
0.0,0.0,0.0,0.0
0.0,0.0,1.0,1.0
0.0,0.0,0.0,0.0
0.0,0.0,0.0,0.0
0.0,0.0,0.0,0.0
1.0,1.0,1.0,1.0
0.0,0.0,0.0,1.0
0.0,0.0,0.0,1.0
0.0,0.0,1.0,1.0
0.0,1.0,0.0,1.0
0.0,0.0,0.0,0.0
0.0,0.0,0.0,1.0
0.0,1.0,1.0,1.0
0.0,1.0,1.0,1.0
0.0,0.0,0.0,0.0
0.0,0.0,0.0,0.0
0.0,0.0,0.0,0.0
0.0,0.0,0.0,0.0
0.0,0.0,0.0,0.0
0.0,0.0,0.0,0.0
0.0,0.0,1.0,1.0
0.0,0.0,0.0,1.0
0.0,0.0,0.0,0.0
0.0,0.0,0.0,0.0
0.0,0.0,0.0,0.0
0.0,0.0,0.0,0.0
0.0,0.0,1.0,1.0
0.0,0.0,0.0,0.0
0.0,0.0,1.0,1.0
0.0,0.0,0.0,0.0
0.0,0.0,0.0,1.0
0.0,0.0,0.0,0.0
0.0,0.0,0.0,0.0
0.0,0.0,0.0,0.0
0.0,0.0,0.0,0.0
0.0,0.0,0.0,1.0
0.0,0.0,1.0,1.0
0.0,0.0,0.0,1.0
0.0,0.0,0.0,0.0
0.0,1.0,0.0,0.0
0.0,0.0,1.0,1.0
0.0,0.0,0.0,0.0
0.0,0.0,0.0,0.0
1.0,0.0,0.0,0.0
0.0,0.0,0.0,0.0
0.0,0.0,0.0,0.0
0.0,0.0,0.0,0.0
0.0,0.0,0.0,0.0
0.0,0.0,0.0,0.0
0.0,0.0,0.0,0.0
0.0,0.0,0.0,0.0
1.0,1.0,1.0,1.0
0.0,1.0,1.0,1.0
1.0,0.0,0.0,1.0
0.0,0.0,0.0,1.0
0.0,0.0,0.0,0.0
0.0,0.0,1.0,1.0
0.0,0.0,1.0,1.0
0.0,0.0,0.0,0.0
0.0,1.0,1.0,1.0
0.0,0.0,0.0,0.0
1.0,0.0,0.0,0.0
0.0,0.0,0.0,0.0
1.0,0.0,0.0,1.0
1.0,1.0,0.0,0.0
0.0,0.0,1.0,0.0
0.0,0.0,0.0,0.0
1.0,1.0,1.0,1.0
0.0,1.0,1.0,1.0
1.0,1.0,0.0,0.0
0.0,0.0,0.0,0.0
1.0,0.0,0.0,0.0
0.0,0.0,0.0,0.0
1.0,0.0,0.0,0.0
1.0,0.0,1.0,0.0
0.0,0.0,1.0,0.0
1.0,0.0,0.0,0.0
1.0,1.0,1.0,1.0
0.0,0.0,0.0,0.0
0.0,0.0,0.0,0.0
0.0,0.0,0.0,0.0
0.0,0.0,1.0,1.0
0.0,0.0,0.0,1.0
1.0,0.0,1.0,0.0
1.0,1.0,1.0,0.0
1.0,1.0,1.0,1.0
0.0,0.0,0.0,0.0
0.0,0.0,0.0,0.0
0.0,1.0,1.0,0.0
1.0,1.0,1.0,1.0
0.0,0.0,0.0,0.0
0.0,0.0,0.0,0.0
1.0,1.0,1.0,0.0
0.0,0.0,0.0,0.0
0.0,0.0,0.0,0.0
0.0,0.0,0.0,0.0
1.0,1.0,1.0,1.0
0.0,0.0,1.0,1.0
1.0,1.0,1.0,0.0
0.0,0.0,0.0,0.0
0.0,0.0,0.0,0.0
0.0,0.0,0.0,0.0
0.0,0.0,0.0,1.0
1.0,0.0,0.0,0.0
1.0,1.0,1.0,0.0
0.0,0.0,0.0,0.0
0.0,0.0,0.0,0.0
1.0,0.0,0.0,0.0
1.0,0.0,0.0,0.0
0.0,0.0,0.0,0.0
0.0,0.0,0.0,0.0
0.0,1.0,0.0,1.0
1.0,1.0,1.0,1.0
0.0,0.0,0.0,0.0
0.0,0.0,0.0,0.0
0.0,0.0,1.0,0.0
0.0,0.0,1.0,0.0
0.0,0.0,0.0,0.0
0.0,0.0,0.0,0.0
0.0,0.0,0.0,0.0
1.0,0.0,0.0,0.0
1.0,0.0,1.0,0.0
0.0,0.0,0.0,0.0
0.0,0.0,1.0,0.0
1.0,0.0,0.0,0.0
1.0,0.0,0.0,0.0
0.0,0.0,0.0,0.0
0.0,0.0,1.0,1.0
1.0,1.0,1.0,1.0
0.0,0.0,0.0,1.0
0.0,0.0,1.0,1.0
0.0,0.0,0.0,0.0
0.0,0.0,1.0,1.0
1.0,0.0,1.0,1.0
0.0,0.0,0.0,0.0
1.0,1.0,1.0,1.0
1.0,0.0,0.0,0.0
0.0,0.0,0.0,0.0
0.0,0.0,0.0,0.0
0.0,1.0,0.0,0.0
0.0,1.0,0.0,0.0
1.0,1.0,1.0,0.0
1.0,0.0,1.0,0.0
1.0,1.0,1.0,0.0
1.0,1.0,1.0,1.0
1.0,1.0,1.0,0.0
0.0,0.0,0.0,0.0
0.0,0.0,0.0,1.0
1.0,1.0,1.0,0.0
0.0,1.0,0.0,0.0
0.0,0.0,1.0,0.0
1.0,1.0,1.0,0.0
0.0,0.0,0.0,0.0
0.0,1.0,1.0,1.0
1.0,1.0,1.0,0.0
0.0,0.0,0.0,0.0
0.0,1.0,1.0,0.0
1.0,1.0,1.0,1.0
1.0,1.0,1.0,1.0
0.0,1.0,1.0,0.0
1.0,1.0,1.0,0.0
1.0,1.0,1.0,1.0
0.0,0.0,0.0,0.0
0.0,0.0,0.0,0.0
1.0,1.0,1.0,0.0
0.0,0.0,1.0,1.0
0.0,1.0,0.0,0.0
1.0,1.0,1.0,0.0
1.0,1.0,1.0,0.0
1.0,1.0,0.0,0.0
0.0,0.0,0.0,0.0
0.0,0.0,0.0,0.0
1.0,1.0,1.0,1.0
1.0,1.0,1.0,1.0
0.0,1.0,1.0,0.0
0.0,1.0,1.0,0.0
1.0,1.0,1.0,0.0
1.0,1.0,1.0,0.0
1.0,1.0,1.0,1.0
0.0,0.0,0.0,0.0
1.0,1.0,1.0,1.0
1.0,0.0,0.0,0.0
0.0,1.0,0.0,0.0
0.0,0.0,0.0,0.0
0.0,0.0,0.0,0.0
1.0,1.0,0.0,0.0
1.0,0.0,1.0,0.0
1.0,1.0,1.0,1.0
1.0,1.0,1.0,1.0
1.0,0.0,0.0,0.0
1.0,0.0,1.0,0.0
0.0,0.0,1.0,0.0
0.0,0.0,1.0,0.0
1.0,1.0,1.0,0.0
1.0,1.0,1.0,0.0
1.0,0.0,0.0,0.0
0.0,0.0,0.0,0.0
0.0,0.0,0.0,0.0
1.0,1.0,0.0,0.0
1.0,1.0,1.0,0.0
0.0,1.0,0.0,0.0
0.0,0.0,0.0,0.0
1.0,1.0,1.0,0.0
1.0,1.0,1.0,1.0
1.0,1.0,1.0,1.0
1.0,0.0,1.0,1.0
1.0,1.0,1.0,1.0
1.0,1.0,0.0,0.0
1.0,1.0,1.0,1.0
0.0,1.0,1.0,1.0
0.0,0.0,0.0,0.0
0.0,1.0,1.0,1.0
0.0,0.0,0.0,0.0
1.0,0.0,0.0,0.0
1.0,0.0,1.0,0.0
1.0,1.0,0.0,1.0
1.0,1.0,1.0,0.0
0.0,1.0,1.0,1.0
1.0,1.0,1.0,0.0
1.0,1.0,1.0,0.0
0.0,1.0,1.0,1.0
0.0,1.0,1.0,0.0
1.0,1.0,1.0,0.0
1.0,1.0,1.0,1.0
1.0,1.0,1.0,0.0
1.0,1.0,1.0,0.0
1.0,1.0,1.0,0.0
0.0,1.0,1.0,0.0
1.0,1.0,1.0,0.0
1.0,1.0,1.0,1.0
1.0,1.0,1.0,0.0
1.0,1.0,1.0,0.0
1.0,1.0,1.0,0.0
0.0,0.0,1.0,1.0
0.0,1.0,1.0,1.0
0.0,1.0,1.0,0.0
0.0,0.0,1.0,1.0
0.0,1.0,1.0,0.0
1.0,1.0,1.0,0.0
1.0,1.0,0.0,0.0
0.0,1.0,1.0,0.0
1.0,1.0,1.0,0.0
1.0,1.0,1.0,0.0
0.0,1.0,1.0,0.0
0.0,1.0,1.0,0.0
1.0,1.0,1.0,0.0
1.0,0.0,0.0,0.0
0.0,0.0,0.0,0.0
0.0,1.0,1.0,1.0
0.0,1.0,1.0,1.0
1.0,1.0,1.0,0.0
1.0,1.0,1.0,0.0
1.0,1.0,1.0,0.0
1.0,1.0,1.0,0.0
1.0,1.0,1.0,1.0
1.0,1.0,1.0,0.0
0.0,1.0,1.0,1.0
1.0,0.0,0.0,0.0
1.0,1.0,1.0,0.0
1.0,1.0,0.0,0.0
0.0,1.0,0.0,0.0
1.0,1.0,0.0,0.0
0.0,1.0,1.0,0.0
1.0,1.0,1.0,1.0
0.0,1.0,1.0,1.0
1.0,1.0,1.0,1.0
1.0,1.0,1.0,0.0
1.0,1.0,1.0,0.0
0.0,1.0,1.0,1.0
1.0,1.0,1.0,0.0
1.0,1.0,1.0,0.0
0.0,1.0,1.0,0.0
1.0,0.0,0.0,0.0
1.0,1.0,1.0,0.0
0.0,1.0,0.0,0.0
0.0,1.0,1.0,0.0
1.0,1.0,1.0,0.0
1.0,1.0,1.0,0.0
1.0,1.0,1.0,0.0
0.0,1.0,1.0,1.0
0.0,1.0,1.0,1.0
1.0,1.0,1.0,1.0
0.0,1.0,1.0,1.0
1.0,1.0,1.0,0.0
0.0,0.0,1.0,1.0
1.0,1.0,1.0,1.0
1.0,1.0,1.0,0.0
0.0,1.0,1.0,1.0
1.0,1.0,1.0,0.0
0.0,0.0,0.0,0.0
0.0,0.0,1.0,0.0
0.0,0.0,1.0,1.0
0.0,1.0,1.0,1.0
1.0,1.0,1.0,1.0
0.0,1.0,1.0,1.0
0.0,1.0,1.0,0.0
0.0,1.0,1.0,1.0
0.0,1.0,1.0,1.0
0.0,1.0,1.0,0.0
0.0,1.0,1.0,1.0
0.0,1.0,1.0,0.0
0.0,1.0,1.0,0.0
0.0,1.0,1.0,0.0
0.0,1.0,1.0,0.0
0.0,0.0,0.0,0.0
0.0,1.0,1.0,1.0
0.0,0.0,1.0,0.0
0.0,0.0,1.0,0.0
0.0,1.0,1.0,0.0
1.0,1.0,1.0,1.0
0.0,1.0,1.0,1.0
0.0,1.0,1.0,0.0
1.0,1.0,1.0,1.0
0.0,0.0,1.0,1.0
0.0,1.0,1.0,0.0
0.0,0.0,0.0,0.0
0.0,0.0,1.0,0.0
0.0,0.0,1.0,0.0
0.0,0.0,0.0,0.0
0.0,0.0,0.0,0.0
0.0,0.0,1.0,0.0
0.0,1.0,1.0,0.0
0.0,0.0,0.0,0.0
0.0,0.0,1.0,1.0
0.0,1.0,1.0,1.0
0.0,0.0,1.0,0.0
0.0,0.0,1.0,0.0
0.0,1.0,1.0,1.0
0.0,1.0,1.0,0.0
0.0,1.0,1.0,0.0
1.0,1.0,1.0,1.0
0.0,1.0,1.0,1.0
0.0,1.0,1.0,1.0
0.0,0.0,0.0,0.0
0.0,0.0,0.0,0.0
0.0,1.0,0.0,0.0
0.0,0.0,0.0,0.0
0.0,1.0,0.0,0.0
0.0,0.0,1.0,1.0
0.0,1.0,1.0,1.0
1.0,1.0,1.0,1.0
0.0,1.0,1.0,1.0
0.0,0.0,1.0,1.0
0.0,0.0,1.0,0.0
1.0,1.0,1.0,1.0
0.0,1.0,1.0,0.0
0.0,0.0,0.0,0.0
0.0,1.0,1.0,1.0
0.0,0.0,0.0,0.0
0.0,0.0,0.0,1.0
0.0,0.0,0.0,0.0
0.0,0.0,1.0,0.0
0.0,1.0,0.0,0.0
0.0,1.0,1.0,0.0
0.0,1.0,1.0,0.0
0.0,1.0,1.0,1.0
0.0,1.0,1.0,1.0
0.0,0.0,1.0,1.0
0.0,0.0,1.0,1.0
0.0,0.0,0.0,0.0
1.0,1.0,1.0,1.0
0.0,0.0,1.0,1.0
0.0,1.0,1.0,0.0
1.0,1.0,1.0,1.0
0.0,0.0,1.0,0.0
1.0,1.0,1.0,0.0
1.0,1.0,1.0,0.0
1.0,1.0,1.0,0.0
1.0,0.0,1.0,0.0
1.0,1.0,1.0,1.0
1.0,1.0,1.0,1.0
1.0,1.0,1.0,0.0
1.0,1.0,1.0,1.0
1.0,1.0,1.0,0.0
1.0,1.0,1.0,0.0
1.0,1.0,1.0,1.0
1.0,1.0,1.0,0.0
1.0,1.0,1.0,0.0
1.0,1.0,1.0,0.0
1.0,1.0,1.0,0.0
1.0,1.0,1.0,0.0
1.0,1.0,1.0,1.0
1.0,1.0,1.0,0.0
1.0,1.0,1.0,0.0
1.0,1.0,1.0,0.0
1.0,1.0,1.0,1.0
1.0,1.0,1.0,1.0
1.0,1.0,1.0,1.0
1.0,1.0,1.0,1.0
1.0,1.0,1.0,1.0
1.0,1.0,1.0,0.0
1.0,1.0,0.0,0.0
0.0,0.0,1.0,0.0
1.0,1.0,1.0,0.0
1.0,1.0,1.0,0.0
1.0,1.0,1.0,0.0
1.0,1.0,1.0,0.0
1.0,1.0,1.0,0.0
1.0,1.0,1.0,0.0
1.0,1.0,1.0,1.0
1.0,1.0,1.0,1.0
1.0,1.0,1.0,1.0
1.0,1.0,1.0,0.0
1.0,1.0,1.0,0.0
1.0,1.0,1.0,0.0
1.0,1.0,1.0,0.0
0.0,1.0,1.0,0.0
1.0,1.0,1.0,0.0
1.0,1.0,1.0,1.0
1.0,0.0,0.0,0.0
1.0,1.0,1.0,0.0
1.0,1.0,1.0,0.0
1.0,1.0,1.0,0.0
1.0,1.0,1.0,0.0
1.0,1.0,1.0,0.0
1.0,1.0,1.0,0.0
1.0,1.0,1.0,1.0
1.0,1.0,1.0,0.0
1.0,1.0,1.0,1.0
1.0,0.0,1.0,0.0
1.0,1.0,1.0,1.0
1.0,1.0,1.0,0.0
1.0,0.0,1.0,0.0
1.0,1.0,1.0,0.0
1.0,0.0,0.0,0.0
1.0,1.0,1.0,0.0
1.0,1.0,1.0,0.0
1.0,1.0,1.0,0.0
1.0,1.0,1.0,0.0
1.0,1.0,1.0,0.0
1.0,1.0,1.0,0.0
1.0,1.0,1.0,1.0
1.0,1.0,1.0,1.0
1.0,0.0,1.0,0.0
1.0,1.0,1.0,1.0
1.0,1.0,1.0,0.0
1.0,1.0,1.0,1.0
1.0,1.0,1.0,0.0
1.0,1.0,1.0,0.0
1.0,1.0,1.0,1.0
1.0,1.0,1.0,0.0
1.0,1.0,1.0,0.0
0.0,1.0,1.0,0.0
0.0,1.0,1.0,0.0
0.0,1.0,1.0,0.0
0.0,1.0,1.0,1.0
0.0,1.0,1.0,1.0
1.0,0.0,1.0,0.0
1.0,1.0,1.0,1.0
1.0,1.0,1.0,0.0
1.0,1.0,1.0,0.0
0.0,1.0,1.0,1.0
1.0,1.0,1.0,0.0
1.0,1.0,1.0,0.0
1.0,1.0,1.0,0.0
1.0,1.0,1.0,0.0
0.0,1.0,1.0,0.0
0.0,1.0,1.0,1.0
1.0,1.0,1.0,0.0
0.0,1.0,1.0,0.0
0.0,1.0,1.0,0.0
0.0,1.0,1.0,1.0
1.0,1.0,1.0,0.0
1.0,1.0,1.0,0.0
1.0,1.0,1.0,1.0
1.0,1.0,1.0,1.0
1.0,1.0,1.0,0.0
1.0,0.0,0.0,0.0
1.0,1.0,1.0,0.0
1.0,0.0,1.0,0.0
1.0,1.0,1.0,1.0
1.0,1.0,1.0,0.0
1.0,1.0,1.0,1.0
1.0,1.0,1.0,0.0
1.0,1.0,1.0,0.0
1.0,1.0,1.0,1.0
1.0,1.0,1.0,1.0
1.0,1.0,1.0,1.0
1.0,1.0,1.0,0.0
1.0,1.0,1.0,0.0
1.0,1.0,0.0,0.0
1.0,1.0,1.0,0.0
1.0,1.0,1.0,0.0
0.0,1.0,1.0,0.0
1.0,1.0,1.0,1.0
0.0,0.0,0.0,0.0
1.0,1.0,1.0,0.0
0.0,1.0,1.0,0.0
1.0,0.0,1.0,0.0
1.0,1.0,1.0,0.0
1.0,1.0,1.0,0.0
0.0,1.0,1.0,0.0
1.0,1.0,1.0,1.0
0.0,1.0,1.0,0.0
0.0,1.0,1.0,0.0
0.0,1.0,1.0,0.0
0.0,1.0,1.0,1.0
1.0,1.0,1.0,0.0
1.0,1.0,1.0,0.0
1.0,1.0,1.0,0.0
0.0,1.0,1.0,0.0
0.0,1.0,1.0,0.0
1.0,1.0,1.0,0.0
1.0,1.0,1.0,0.0
1.0,1.0,1.0,0.0
0.0,1.0,1.0,0.0
1.0,1.0,1.0,0.0
1.0,1.0,1.0,1.0
1.0,1.0,1.0,1.0
0.0,0.0,0.0,0.0
1.0,1.0,1.0,1.0
1.0,1.0,1.0,0.0
1.0,1.0,1.0,1.0
1.0,1.0,1.0,0.0
1.0,1.0,1.0,0.0
1.0,1.0,1.0,1.0
0.0,1.0,1.0,0.0
1.0,1.0,1.0,0.0
1.0,1.0,1.0,0.0
1.0,1.0,1.0,0.0
1.0,1.0,1.0,0.0
1.0,1.0,1.0,0.0
1.0,1.0,1.0,0.0
0.0,0.0,0.0,0.0
0.0,0.0,1.0,0.0
0.0,0.0,1.0,0.0
1.0,1.0,1.0,0.0
1.0,1.0,1.0,0.0
0.0,0.0,0.0,0.0
0.0,0.0,1.0,0.0
0.0,0.0,0.0,0.0
1.0,1.0,1.0,0.0
1.0,1.0,1.0,0.0
1.0,1.0,1.0,1.0
0.0,0.0,0.0,0.0
1.0,1.0,1.0,0.0
1.0,1.0,1.0,0.0
1.0,1.0,1.0,1.0
1.0,1.0,1.0,0.0
0.0,1.0,1.0,0.0
1.0,1.0,1.0,0.0
0.0,1.0,1.0,1.0
1.0,1.0,1.0,0.0
0.0,0.0,0.0,0.0
1.0,1.0,1.0,0.0
0.0,0.0,1.0,0.0
1.0,1.0,1.0,0.0
1.0,1.0,1.0,0.0
0.0,0.0,1.0,0.0
0.0,1.0,1.0,0.0
1.0,1.0,0.0,0.0
1.0,1.0,1.0,0.0
1.0,1.0,1.0,0.0
1.0,1.0,1.0,0.0
0.0,0.0,1.0,0.0
1.0,1.0,1.0,0.0
0.0,0.0,0.0,0.0
0.0,0.0,0.0,0.0
0.0,0.0,1.0,0.0
1.0,1.0,1.0,0.0
1.0,1.0,1.0,1.0
1.0,1.0,1.0,0.0
1.0,0.0,1.0,0.0
1.0,1.0,1.0,0.0
1.0,0.0,0.0,0.0
1.0,1.0,1.0,0.0
1.0,1.0,1.0,0.0
1.0,1.0,1.0,0.0
1.0,1.0,1.0,1.0
1.0,1.0,1.0,0.0
1.0,1.0,1.0,0.0
1.0,1.0,1.0,1.0
1.0,1.0,1.0,1.0
0.0,0.0,1.0,0.0
0.0,0.0,1.0,0.0
1.0,1.0,1.0,0.0
1.0,1.0,1.0,0.0
1.0,1.0,1.0,0.0
0.0,0.0,0.0,0.0
1.0,1.0,1.0,0.0
0.0,0.0,0.0,0.0
1.0,1.0,1.0,0.0
0.0,0.0,1.0,0.0
1.0,1.0,1.0,1.0
0.0,0.0,1.0,1.0
1.0,1.0,1.0,0.0
1.0,1.0,1.0,1.0
1.0,0.0,1.0,0.0
0.0,1.0,1.0,1.0
1.0,0.0,1.0,0.0
0.0,1.0,1.0,0.0
1.0,1.0,1.0,1.0
1.0,1.0,1.0,0.0
0.0,0.0,0.0,0.0
0.0,1.0,1.0,0.0
0.0,0.0,1.0,0.0
0.0,1.0,1.0,0.0
0.0,0.0,0.0,0.0
0.0,0.0,0.0,0.0
0.0,0.0,0.0,0.0
0.0,0.0,0.0,0.0
0.0,1.0,1.0,0.0
0.0,0.0,0.0,0.0
0.0,0.0,0.0,0.0
0.0,0.0,0.0,0.0
0.0,0.0,0.0,0.0
0.0,0.0,0.0,0.0
0.0,0.0,1.0,0.0
0.0,0.0,0.0,0.0
0.0,0.0,1.0,1.0
0.0,0.0,0.0,0.0
0.0,1.0,1.0,0.0
0.0,1.0,1.0,0.0
0.0,1.0,0.0,0.0
0.0,1.0,1.0,0.0
0.0,1.0,1.0,0.0
0.0,1.0,0.0,0.0
0.0,1.0,1.0,1.0
0.0,0.0,0.0,0.0
0.0,0.0,0.0,0.0
0.0,0.0,0.0,0.0
0.0,1.0,0.0,0.0
0.0,0.0,0.0,0.0
0.0,0.0,0.0,0.0
0.0,1.0,1.0,0.0
0.0,0.0,0.0,0.0
0.0,0.0,0.0,0.0
0.0,0.0,1.0,0.0
0.0,1.0,1.0,0.0
0.0,1.0,1.0,0.0
0.0,0.0,0.0,0.0
0.0,0.0,1.0,0.0
0.0,0.0,0.0,0.0
0.0,0.0,0.0,0.0
0.0,0.0,0.0,0.0
0.0,0.0,0.0,0.0
0.0,0.0,1.0,1.0
0.0,1.0,1.0,0.0
0.0,0.0,0.0,0.0
0.0,0.0,1.0,0.0
0.0,0.0,0.0,0.0
0.0,0.0,0.0,0.0
0.0,0.0,0.0,0.0
0.0,1.0,1.0,0.0
0.0,0.0,0.0,1.0
0.0,0.0,0.0,0.0
0.0,0.0,0.0,0.0
0.0,1.0,1.0,1.0
0.0,0.0,0.0,0.0
0.0,0.0,0.0,0.0
0.0,0.0,0.0,0.0
0.0,0.0,0.0,0.0
0.0,1.0,0.0,0.0
0.0,0.0,0.0,0.0
0.0,0.0,0.0,0.0
0.0,0.0,0.0,0.0
0.0,0.0,0.0,0.0
0.0,0.0,1.0,0.0
0.0,0.0,0.0,0.0
0.0,1.0,1.0,1.0
0.0,1.0,1.0,0.0
0.0,0.0,0.0,1.0
0.0,1.0,1.0,1.0
0.0,0.0,0.0,0.0
0.0,1.0,0.0,1.0
0.0,0.0,0.0,0.0
0.0,0.0,0.0,0.0
0.0,0.0,0.0,1.0
0.0,0.0,1.0,0.0
0.0,0.0,0.0,0.0
0.0,1.0,0.0,0.0
0.0,1.0,0.0,0.0
1.0,1.0,1.0,0.0
0.0,0.0,0.0,0.0
1.0,1.0,1.0,0.0
1.0,1.0,0.0,0.0
1.0,0.0,0.0,0.0
1.0,1.0,1.0,1.0
0.0,0.0,0.0,0.0
0.0,0.0,0.0,0.0
0.0,0.0,0.0,0.0
0.0,0.0,0.0,0.0
0.0,0.0,0.0,0.0
0.0,0.0,0.0,0.0
0.0,0.0,0.0,0.0
1.0,1.0,1.0,1.0
0.0,0.0,0.0,0.0
1.0,1.0,1.0,0.0
1.0,1.0,1.0,0.0
0.0,0.0,0.0,0.0
0.0,1.0,1.0,0.0
1.0,1.0,1.0,0.0
0.0,0.0,0.0,0.0
1.0,1.0,1.0,1.0
0.0,0.0,0.0,0.0
0.0,0.0,0.0,0.0
0.0,1.0,0.0,0.0
1.0,1.0,0.0,1.0
1.0,1.0,1.0,1.0
1.0,1.0,0.0,0.0
1.0,1.0,1.0,1.0
0.0,0.0,0.0,0.0
0.0,1.0,0.0,0.0
0.0,0.0,0.0,0.0
1.0,1.0,1.0,0.0
1.0,1.0,1.0,0.0
1.0,1.0,0.0,0.0
1.0,1.0,1.0,0.0
0.0,0.0,0.0,0.0
0.0,0.0,0.0,0.0
1.0,0.0,0.0,0.0
0.0,0.0,0.0,0.0
0.0,0.0,0.0,1.0
0.0,1.0,1.0,0.0
1.0,1.0,0.0,0.0
0.0,0.0,0.0,0.0
1.0,1.0,0.0,0.0
0.0,0.0,0.0,0.0
0.0,1.0,0.0,0.0
1.0,1.0,1.0,0.0
0.0,0.0,0.0,1.0
0.0,0.0,0.0,0.0
0.0,1.0,0.0,1.0
0.0,1.0,0.0,1.0
0.0,0.0,0.0,0.0
0.0,0.0,0.0,0.0
0.0,0.0,0.0,0.0
0.0,0.0,0.0,0.0
0.0,1.0,1.0,0.0
0.0,0.0,0.0,0.0
0.0,0.0,0.0,0.0
0.0,1.0,0.0,0.0
0.0,0.0,0.0,0.0
0.0,0.0,0.0,0.0
0.0,0.0,0.0,0.0
1.0,1.0,1.0,1.0
1.0,1.0,1.0,1.0
1.0,1.0,1.0,1.0
1.0,1.0,1.0,1.0
1.0,1.0,0.0,0.0
0.0,0.0,0.0,0.0
1.0,1.0,0.0,0.0
1.0,0.0,0.0,0.0
0.0,0.0,0.0,0.0
1.0,1.0,0.0,0.0
1.0,1.0,1.0,0.0
1.0,1.0,1.0,0.0
1.0,1.0,1.0,0.0
1.0,1.0,1.0,0.0
1.0,0.0,1.0,0.0
1.0,0.0,1.0,0.0
1.0,0.0,0.0,0.0
1.0,0.0,1.0,0.0
1.0,1.0,1.0,1.0
1.0,1.0,1.0,0.0
1.0,1.0,1.0,1.0
1.0,1.0,1.0,0.0
1.0,1.0,1.0,0.0
1.0,1.0,1.0,0.0
1.0,0.0,0.0,0.0
1.0,1.0,1.0,0.0
1.0,1.0,1.0,1.0
1.0,1.0,0.0,0.0
1.0,1.0,1.0,0.0
1.0,1.0,1.0,0.0
1.0,1.0,0.0,1.0
1.0,1.0,1.0,0.0
0.0,0.0,1.0,0.0
1.0,0.0,1.0,0.0
1.0,1.0,1.0,1.0
1.0,1.0,1.0,0.0
1.0,0.0,0.0,0.0
1.0,1.0,1.0,0.0
1.0,1.0,1.0,0.0
1.0,1.0,1.0,1.0
1.0,0.0,0.0,0.0
1.0,1.0,1.0,1.0
1.0,1.0,1.0,0.0
1.0,1.0,1.0,0.0
1.0,1.0,1.0,0.0
0.0,0.0,1.0,0.0
1.0,1.0,1.0,1.0
1.0,0.0,1.0,0.0
1.0,1.0,1.0,0.0
1.0,1.0,1.0,0.0
1.0,0.0,0.0,0.0
1.0,0.0,1.0,0.0
1.0,1.0,1.0,0.0
1.0,0.0,1.0,1.0
1.0,1.0,1.0,1.0
1.0,1.0,1.0,1.0
1.0,1.0,1.0,0.0
1.0,1.0,1.0,1.0
1.0,0.0,1.0,0.0
1.0,1.0,1.0,1.0
0.0,1.0,1.0,0.0
1.0,0.0,1.0,1.0
1.0,1.0,1.0,1.0
1.0,1.0,1.0,1.0
1.0,1.0,1.0,1.0
1.0,0.0,0.0,0.0
1.0,1.0,1.0,0.0
1.0,1.0,1.0,0.0
1.0,1.0,1.0,1.0
1.0,1.0,1.0,1.0
1.0,0.0,1.0,0.0
1.0,1.0,1.0,0.0
1.0,1.0,1.0,0.0
1.0,1.0,1.0,0.0
1.0,0.0,0.0,0.0
1.0,1.0,1.0,0.0
1.0,0.0,1.0,1.0
0.0,1.0,1.0,1.0
1.0,1.0,1.0,1.0
0.0,1.0,1.0,1.0
1.0,0.0,0.0,0.0
1.0,1.0,1.0,1.0
1.0,1.0,1.0,0.0
1.0,0.0,0.0,0.0
1.0,0.0,0.0,1.0
1.0,1.0,1.0,0.0
1.0,1.0,1.0,0.0
1.0,1.0,1.0,0.0
0.0,1.0,0.0,0.0
1.0,1.0,1.0,0.0
1.0,1.0,1.0,1.0
1.0,0.0,1.0,0.0
1.0,1.0,0.0,0.0
1.0,1.0,0.0,1.0
1.0,1.0,1.0,1.0
1.0,1.0,0.0,0.0
1.0,1.0,1.0,1.0
0.0,1.0,0.0,0.0
0.0,1.0,1.0,0.0
0.0,1.0,0.0,0.0
0.0,0.0,0.0,0.0
0.0,1.0,1.0,0.0
1.0,1.0,1.0,1.0
1.0,1.0,1.0,0.0
0.0,1.0,1.0,0.0
1.0,1.0,1.0,0.0
1.0,1.0,1.0,1.0
0.0,1.0,1.0,0.0
0.0,0.0,0.0,0.0
1.0,1.0,1.0,1.0
1.0,1.0,1.0,1.0
1.0,1.0,1.0,0.0
1.0,1.0,0.0,0.0
0.0,1.0,1.0,1.0
0.0,1.0,1.0,1.0
1.0,1.0,1.0,1.0
1.0,0.0,0.0,0.0
0.0,1.0,0.0,1.0
0.0,1.0,1.0,0.0
0.0,1.0,0.0,0.0
0.0,0.0,1.0,0.0
1.0,0.0,0.0,0.0
0.0,1.0,1.0,1.0
1.0,1.0,0.0,0.0
0.0,1.0,1.0,0.0
0.0,1.0,0.0,0.0
1.0,1.0,0.0,1.0
1.0,1.0,1.0,1.0
1.0,1.0,1.0,0.0
0.0,1.0,0.0,1.0
1.0,1.0,1.0,1.0
0.0,1.0,1.0,1.0
0.0,1.0,1.0,0.0
1.0,1.0,1.0,1.0
1.0,1.0,1.0,0.0
1.0,1.0,1.0,1.0
1.0,1.0,1.0,0.0
1.0,1.0,1.0,1.0
1.0,1.0,1.0,1.0
0.0,1.0,1.0,1.0
0.0,1.0,1.0,1.0
1.0,0.0,1.0,0.0
1.0,1.0,0.0,0.0
1.0,1.0,1.0,0.0
1.0,1.0,1.0,1.0
0.0,1.0,1.0,1.0
1.0,1.0,0.0,0.0
1.0,1.0,0.0,0.0
0.0,1.0,0.0,0.0
0.0,1.0,0.0,0.0
0.0,1.0,0.0,0.0
0.0,1.0,0.0,0.0
0.0,0.0,1.0,1.0
1.0,1.0,0.0,1.0
1.0,1.0,1.0,1.0
1.0,1.0,1.0,1.0
0.0,1.0,0.0,0.0
1.0,1.0,1.0,1.0
1.0,1.0,1.0,1.0
1.0,0.0,0.0,0.0
1.0,0.0,0.0,1.0
0.0,1.0,1.0,0.0
0.0,0.0,0.0,0.0
1.0,0.0,0.0,0.0
0.0,0.0,0.0,0.0
1.0,0.0,1.0,0.0
1.0,1.0,0.0,0.0
0.0,0.0,0.0,0.0
1.0,1.0,0.0,0.0
1.0,1.0,0.0,0.0
0.0,1.0,0.0,0.0
0.0,1.0,0.0,0.0
0.0,1.0,1.0,0.0
1.0,1.0,0.0,0.0
1.0,1.0,0.0,0.0
1.0,1.0,0.0,0.0
1.0,0.0,0.0,0.0
0.0,1.0,0.0,0.0
0.0,1.0,0.0,1.0
0.0,1.0,0.0,0.0
1.0,1.0,0.0,0.0
0.0,0.0,0.0,0.0
0.0,0.0,0.0,0.0
1.0,1.0,0.0,0.0
1.0,0.0,0.0,0.0
0.0,0.0,0.0,0.0
1.0,1.0,0.0,1.0
0.0,1.0,0.0,0.0
0.0,1.0,0.0,0.0
1.0,1.0,1.0,0.0
1.0,1.0,1.0,0.0
0.0,1.0,1.0,1.0
1.0,0.0,0.0,0.0
1.0,1.0,0.0,0.0
1.0,1.0,0.0,0.0
1.0,1.0,0.0,0.0
0.0,1.0,0.0,0.0
1.0,0.0,0.0,0.0
1.0,1.0,0.0,0.0
0.0,1.0,0.0,0.0
1.0,1.0,0.0,0.0
0.0,1.0,0.0,0.0
0.0,1.0,0.0,1.0
1.0,1.0,0.0,0.0
1.0,1.0,0.0,0.0
1.0,1.0,0.0,1.0
1.0,1.0,0.0,0.0
1.0,1.0,1.0,0.0
0.0,1.0,0.0,0.0
1.0,1.0,1.0,0.0
0.0,0.0,0.0,0.0
1.0,1.0,0.0,0.0
0.0,0.0,0.0,0.0
1.0,1.0,1.0,1.0
1.0,0.0,0.0,0.0
1.0,0.0,0.0,0.0
0.0,0.0,0.0,0.0
1.0,0.0,0.0,0.0
1.0,1.0,0.0,0.0
1.0,1.0,0.0,0.0
1.0,1.0,0.0,1.0
1.0,1.0,0.0,1.0
0.0,0.0,0.0,0.0
0.0,1.0,0.0,0.0
1.0,1.0,0.0,0.0
1.0,1.0,0.0,0.0
1.0,1.0,0.0,0.0
1.0,1.0,0.0,0.0
1.0,0.0,0.0,0.0
1.0,1.0,0.0,0.0
0.0,1.0,1.0,1.0
1.0,0.0,0.0,0.0
1.0,1.0,0.0,0.0
1.0,1.0,0.0,0.0
1.0,1.0,0.0,0.0
0.0,0.0,0.0,0.0
1.0,0.0,0.0,0.0
1.0,1.0,0.0,0.0
0.0,0.0,0.0,0.0
0.0,0.0,0.0,0.0
1.0,0.0,0.0,0.0
0.0,0.0,0.0,0.0
0.0,0.0,0.0,0.0
0.0,0.0,0.0,0.0
0.0,0.0,0.0,0.0
0.0,0.0,0.0,0.0
0.0,0.0,0.0,1.0
0.0,0.0,0.0,0.0
0.0,0.0,0.0,0.0
0.0,0.0,0.0,0.0
0.0,1.0,0.0,0.0
0.0,0.0,0.0,0.0
0.0,0.0,0.0,0.0
0.0,0.0,0.0,0.0
0.0,0.0,0.0,1.0
0.0,1.0,0.0,0.0
0.0,0.0,0.0,0.0
0.0,0.0,0.0,0.0
0.0,0.0,0.0,0.0
0.0,0.0,0.0,0.0
0.0,0.0,0.0,0.0
0.0,0.0,0.0,0.0
0.0,0.0,0.0,1.0
0.0,0.0,0.0,0.0
0.0,1.0,0.0,0.0
0.0,0.0,0.0,0.0
0.0,0.0,0.0,0.0
0.0,1.0,0.0,1.0
0.0,0.0,0.0,0.0
0.0,0.0,0.0,0.0
0.0,1.0,0.0,0.0
0.0,0.0,0.0,0.0
1.0,1.0,0.0,0.0
0.0,0.0,0.0,0.0
0.0,0.0,0.0,0.0
1.0,1.0,0.0,0.0
0.0,0.0,0.0,0.0
0.0,1.0,0.0,0.0
1.0,1.0,0.0,1.0
0.0,0.0,0.0,0.0
0.0,0.0,0.0,0.0
0.0,0.0,0.0,0.0
0.0,0.0,0.0,0.0
0.0,1.0,0.0,0.0
0.0,1.0,0.0,0.0
0.0,1.0,0.0,1.0
1.0,1.0,0.0,0.0
0.0,0.0,0.0,0.0
0.0,0.0,0.0,0.0
0.0,0.0,0.0,1.0
0.0,0.0,0.0,1.0
0.0,0.0,0.0,0.0
1.0,0.0,0.0,0.0
0.0,0.0,0.0,0.0
0.0,1.0,0.0,0.0
0.0,1.0,0.0,0.0
0.0,0.0,0.0,0.0
0.0,0.0,0.0,1.0
1.0,1.0,0.0,0.0
0.0,0.0,0.0,0.0
0.0,0.0,0.0,0.0
0.0,0.0,0.0,0.0
0.0,1.0,0.0,0.0
0.0,1.0,0.0,0.0
0.0,0.0,0.0,1.0
0.0,0.0,0.0,0.0
0.0,0.0,1.0,1.0
0.0,0.0,0.0,0.0
0.0,0.0,0.0,0.0
0.0,0.0,0.0,0.0
0.0,0.0,0.0,0.0
1.0,0.0,0.0,0.0
0.0,0.0,0.0,0.0
0.0,0.0,0.0,0.0
0.0,0.0,0.0,0.0
1.0,0.0,0.0,0.0
0.0,0.0,0.0,0.0
0.0,0.0,0.0,0.0
1.0,0.0,0.0,0.0
0.0,0.0,0.0,0.0
1.0,0.0,0.0,0.0
1.0,0.0,0.0,0.0
1.0,0.0,0.0,1.0
1.0,0.0,0.0,0.0
1.0,0.0,0.0,0.0
0.0,0.0,0.0,0.0
1.0,0.0,0.0,0.0
1.0,0.0,0.0,0.0
0.0,0.0,0.0,0.0
1.0,0.0,0.0,0.0
1.0,0.0,0.0,1.0
0.0,0.0,0.0,0.0
1.0,0.0,0.0,0.0
0.0,0.0,0.0,0.0
0.0,0.0,0.0,0.0
0.0,0.0,0.0,0.0
0.0,0.0,0.0,0.0
0.0,0.0,0.0,0.0
0.0,0.0,0.0,1.0
1.0,0.0,0.0,0.0
1.0,1.0,0.0,0.0
0.0,0.0,0.0,0.0
0.0,0.0,0.0,0.0
0.0,0.0,0.0,1.0
1.0,0.0,0.0,0.0
0.0,0.0,0.0,1.0
0.0,0.0,0.0,0.0
1.0,0.0,0.0,0.0
0.0,0.0,0.0,0.0
0.0,0.0,0.0,0.0
0.0,0.0,0.0,0.0
0.0,0.0,0.0,0.0
0.0,0.0,0.0,0.0
1.0,0.0,0.0,0.0
1.0,1.0,0.0,0.0
1.0,0.0,0.0,0.0
0.0,0.0,0.0,0.0
1.0,0.0,0.0,0.0
0.0,0.0,0.0,1.0
1.0,0.0,0.0,0.0
1.0,0.0,0.0,0.0
0.0,0.0,0.0,1.0
0.0,1.0,0.0,0.0
1.0,0.0,0.0,0.0
0.0,0.0,0.0,0.0
1.0,0.0,0.0,1.0
1.0,0.0,0.0,1.0
1.0,0.0,0.0,0.0
0.0,0.0,0.0,0.0
1.0,0.0,0.0,0.0
1.0,0.0,0.0,0.0
1.0,0.0,0.0,0.0
1.0,0.0,0.0,1.0
0.0,0.0,0.0,0.0
1.0,0.0,0.0,0.0
0.0,0.0,0.0,0.0
1.0,0.0,0.0,0.0
1.0,0.0,0.0,0.0
1.0,0.0,0.0,0.0
0.0,0.0,0.0,0.0
1.0,0.0,0.0,1.0
0.0,0.0,0.0,0.0
1.0,0.0,1.0,1.0
0.0,0.0,0.0,0.0
0.0,0.0,0.0,0.0
1.0,0.0,0.0,0.0
1.0,0.0,0.0,0.0
0.0,0.0,0.0,0.0
1.0,0.0,0.0,0.0
0.0,0.0,0.0,0.0
1.0,0.0,0.0,0.0
1.0,0.0,0.0,0.0
1.0,0.0,0.0,0.0
1.0,1.0,0.0,1.0
1.0,0.0,0.0,0.0
1.0,0.0,0.0,0.0
1.0,0.0,0.0,0.0
1.0,0.0,0.0,1.0
1.0,0.0,0.0,1.0
1.0,0.0,0.0,0.0
1.0,0.0,0.0,0.0
1.0,0.0,0.0,0.0
1.0,0.0,0.0,0.0
1.0,0.0,0.0,0.0
1.0,0.0,0.0,0.0
1.0,0.0,0.0,0.0
1.0,0.0,0.0,0.0
1.0,0.0,0.0,0.0
1.0,0.0,0.0,0.0
1.0,0.0,0.0,0.0
1.0,0.0,0.0,0.0
1.0,0.0,0.0,0.0
1.0,0.0,0.0,0.0
1.0,0.0,0.0,0.0
1.0,0.0,0.0,1.0
1.0,0.0,0.0,0.0
1.0,0.0,0.0,0.0
1.0,0.0,0.0,0.0
1.0,0.0,0.0,0.0
1.0,0.0,0.0,1.0
1.0,0.0,0.0,0.0
1.0,0.0,0.0,1.0
1.0,0.0,0.0,0.0
1.0,0.0,0.0,0.0
1.0,0.0,0.0,0.0
1.0,0.0,0.0,0.0
1.0,0.0,0.0,0.0
1.0,0.0,0.0,0.0
1.0,0.0,0.0,0.0
1.0,0.0,0.0,0.0
0.0,0.0,0.0,0.0
1.0,0.0,0.0,0.0
1.0,0.0,0.0,0.0
0.0,0.0,0.0,0.0
1.0,0.0,0.0,1.0
1.0,0.0,0.0,0.0
0.0,0.0,0.0,0.0
1.0,0.0,0.0,1.0
1.0,0.0,0.0,1.0
1.0,0.0,0.0,0.0
1.0,0.0,0.0,0.0
1.0,0.0,0.0,1.0
1.0,0.0,0.0,1.0
1.0,0.0,0.0,0.0
1.0,0.0,0.0,0.0
1.0,0.0,0.0,0.0
1.0,0.0,0.0,0.0
1.0,0.0,0.0,0.0
1.0,0.0,0.0,0.0
1.0,0.0,0.0,0.0
1.0,0.0,0.0,1.0
1.0,0.0,0.0,0.0
1.0,0.0,0.0,0.0
1.0,0.0,0.0,0.0
1.0,0.0,0.0,0.0
1.0,0.0,0.0,0.0
1.0,0.0,0.0,1.0
1.0,0.0,0.0,1.0
1.0,1.0,1.0,1.0
1.0,0.0,0.0,0.0
1.0,0.0,0.0,0.0
1.0,0.0,0.0,0.0
1.0,0.0,0.0,0.0
1.0,0.0,0.0,0.0
1.0,0.0,0.0,0.0
1.0,0.0,0.0,0.0
0.0,0.0,0.0,0.0
0.0,0.0,0.0,1.0
0.0,0.0,0.0,0.0
1.0,1.0,0.0,1.0
0.0,0.0,0.0,0.0
0.0,0.0,0.0,0.0
0.0,0.0,0.0,0.0
0.0,0.0,0.0,1.0
0.0,0.0,0.0,1.0
0.0,0.0,0.0,0.0
0.0,0.0,0.0,1.0
0.0,0.0,0.0,0.0
0.0,0.0,0.0,0.0
0.0,0.0,0.0,0.0
0.0,0.0,0.0,0.0
0.0,0.0,0.0,0.0
0.0,0.0,0.0,0.0
0.0,0.0,0.0,0.0
0.0,0.0,0.0,0.0
0.0,0.0,0.0,1.0
0.0,0.0,0.0,0.0
0.0,0.0,0.0,0.0
0.0,0.0,0.0,0.0
0.0,0.0,0.0,0.0
0.0,0.0,0.0,1.0
0.0,0.0,0.0,0.0
0.0,0.0,0.0,0.0
0.0,0.0,0.0,0.0
0.0,0.0,0.0,0.0
0.0,0.0,0.0,1.0
0.0,0.0,0.0,0.0
0.0,0.0,0.0,1.0
0.0,0.0,0.0,0.0
0.0,0.0,0.0,0.0
0.0,0.0,0.0,0.0
0.0,0.0,0.0,0.0
0.0,0.0,0.0,0.0
0.0,0.0,0.0,0.0
0.0,0.0,0.0,0.0
0.0,0.0,0.0,0.0
0.0,0.0,0.0,0.0
0.0,0.0,0.0,0.0
0.0,0.0,0.0,0.0
0.0,0.0,0.0,1.0
0.0,0.0,0.0,1.0
0.0,0.0,0.0,0.0
0.0,0.0,0.0,0.0
0.0,0.0,0.0,1.0
0.0,0.0,0.0,1.0
0.0,0.0,0.0,0.0
0.0,0.0,0.0,0.0
0.0,0.0,0.0,1.0
0.0,0.0,0.0,1.0
0.0,0.0,0.0,1.0
0.0,0.0,0.0,0.0
0.0,0.0,0.0,0.0
0.0,0.0,0.0,0.0
0.0,0.0,0.0,0.0
0.0,0.0,0.0,0.0
0.0,0.0,0.0,0.0
0.0,0.0,0.0,1.0
0.0,0.0,0.0,0.0
0.0,0.0,0.0,0.0
0.0,0.0,0.0,0.0
0.0,0.0,0.0,0.0
0.0,0.0,0.0,0.0
0.0,0.0,0.0,1.0
0.0,0.0,0.0,1.0
0.0,0.0,0.0,1.0
0.0,0.0,0.0,0.0
0.0,0.0,0.0,0.0
0.0,0.0,0.0,0.0
0.0,0.0,0.0,0.0
0.0,0.0,0.0,0.0
0.0,0.0,0.0,1.0
0.0,0.0,0.0,0.0
0.0,0.0,0.0,0.0
1.0,0.0,0.0,1.0
0.0,0.0,0.0,0.0
0.0,0.0,0.0,1.0
0.0,0.0,0.0,1.0
0.0,0.0,0.0,0.0
1.0,0.0,0.0,0.0
1.0,0.0,1.0,1.0
1.0,0.0,0.0,1.0
0.0,0.0,0.0,0.0
0.0,0.0,0.0,1.0
1.0,0.0,0.0,0.0
1.0,0.0,0.0,0.0
0.0,0.0,0.0,0.0
1.0,0.0,0.0,0.0
0.0,0.0,0.0,0.0
0.0,0.0,0.0,0.0
0.0,0.0,0.0,1.0
1.0,0.0,0.0,0.0
0.0,0.0,0.0,1.0
0.0,0.0,0.0,1.0
0.0,0.0,0.0,0.0
1.0,0.0,0.0,0.0
0.0,0.0,0.0,1.0
1.0,0.0,0.0,1.0
0.0,0.0,0.0,0.0
0.0,0.0,0.0,0.0
0.0,0.0,0.0,1.0
0.0,0.0,0.0,0.0
1.0,0.0,0.0,1.0
1.0,0.0,0.0,0.0
1.0,0.0,0.0,1.0
1.0,0.0,0.0,0.0
0.0,0.0,0.0,1.0
0.0,0.0,0.0,0.0
1.0,0.0,0.0,0.0
1.0,0.0,0.0,0.0
1.0,0.0,0.0,0.0
0.0,0.0,0.0,0.0
0.0,0.0,0.0,0.0
0.0,0.0,0.0,0.0
0.0,0.0,0.0,0.0
0.0,0.0,0.0,0.0
1.0,0.0,0.0,1.0
0.0,0.0,0.0,1.0
0.0,0.0,0.0,0.0
0.0,0.0,0.0,0.0
0.0,0.0,0.0,1.0
0.0,0.0,0.0,1.0
0.0,0.0,0.0,1.0
0.0,0.0,0.0,0.0
0.0,0.0,0.0,1.0
0.0,0.0,0.0,1.0
0.0,0.0,0.0,1.0
0.0,0.0,0.0,0.0
0.0,0.0,0.0,1.0
0.0,0.0,0.0,0.0
0.0,0.0,0.0,0.0
0.0,0.0,0.0,1.0
0.0,0.0,0.0,1.0
0.0,0.0,0.0,1.0
0.0,0.0,0.0,0.0
1.0,0.0,0.0,0.0
0.0,0.0,0.0,0.0
0.0,0.0,0.0,0.0
0.0,0.0,0.0,0.0
1.0,0.0,0.0,1.0
1.0,0.0,0.0,1.0
0.0,1.0,0.0,1.0
1.0,0.0,0.0,0.0
1.0,0.0,0.0,1.0
0.0,0.0,0.0,1.0
0.0,0.0,0.0,0.0
1.0,0.0,0.0,1.0
0.0,0.0,0.0,1.0
0.0,0.0,0.0,0.0
0.0,0.0,0.0,0.0
0.0,0.0,0.0,1.0
1.0,0.0,0.0,0.0
1.0,1.0,1.0,0.0
1.0,0.0,0.0,1.0
0.0,0.0,0.0,0.0
0.0,0.0,0.0,0.0
0.0,0.0,1.0,0.0
0.0,0.0,0.0,1.0
1.0,0.0,0.0,0.0
0.0,1.0,0.0,1.0
0.0,0.0,0.0,0.0
0.0,0.0,0.0,0.0
0.0,0.0,0.0,0.0
0.0,0.0,0.0,0.0
1.0,0.0,0.0,0.0
0.0,0.0,0.0,0.0
0.0,0.0,0.0,1.0
0.0,0.0,0.0,0.0
1.0,0.0,0.0,1.0
1.0,1.0,0.0,0.0
1.0,0.0,0.0,0.0
0.0,0.0,0.0,0.0
0.0,0.0,0.0,1.0
0.0,0.0,0.0,1.0
1.0,0.0,0.0,0.0
0.0,0.0,0.0,0.0
1.0,0.0,0.0,1.0
0.0,0.0,0.0,0.0
0.0,0.0,0.0,1.0
0.0,0.0,0.0,1.0
0.0,0.0,0.0,0.0
0.0,0.0,0.0,0.0
1.0,0.0,0.0,1.0
0.0,0.0,0.0,0.0
0.0,0.0,0.0,0.0
0.0,0.0,0.0,0.0
0.0,0.0,0.0,0.0
0.0,0.0,0.0,0.0
0.0,0.0,0.0,0.0
0.0,0.0,0.0,0.0
1.0,0.0,0.0,0.0
1.0,0.0,0.0,1.0
1.0,0.0,0.0,1.0
0.0,0.0,0.0,1.0
1.0,0.0,0.0,0.0
0.0,0.0,0.0,1.0
0.0,0.0,0.0,1.0
0.0,0.0,0.0,1.0
0.0,0.0,0.0,1.0
1.0,0.0,0.0,0.0
1.0,1.0,1.0,1.0
1.0,0.0,0.0,1.0
1.0,0.0,1.0,1.0
0.0,0.0,0.0,0.0
1.0,1.0,0.0,0.0
0.0,0.0,0.0,0.0
0.0,0.0,0.0,0.0
0.0,0.0,0.0,1.0
1.0,0.0,0.0,0.0
0.0,0.0,0.0,1.0
1.0,0.0,0.0,0.0
0.0,0.0,0.0,0.0
1.0,0.0,0.0,0.0
0.0,0.0,0.0,0.0
0.0,0.0,0.0,0.0
1.0,1.0,0.0,1.0
1.0,0.0,0.0,0.0
1.0,1.0,0.0,1.0
0.0,0.0,0.0,0.0
0.0,0.0,0.0,1.0
1.0,0.0,0.0,1.0
1.0,0.0,0.0,0.0
0.0,0.0,0.0,1.0
1.0,1.0,1.0,1.0
0.0,0.0,0.0,0.0
